Workbook

Sheet PARAM
B2: 1101164MYS.140005.BG0002

Sheet MASTER_BLOK
A1: Nama Blok | B1: Kod Blok | C1: Nama Fungsi Binaan | D1: Kod Fungsi Binaan
A2: Guiding Gallery 1 (Information Centre) - P7 | B2: B | C2: Bangunan Komersial | D2: BB0010
A3: Guiding Gallery 2 (Cafe) - P7 | B3: C | C3: Restoran | D3: BB0100
A4: Guiding Gallery 3 (Viewing Deck) - P7 | B4: D | C4: Bangunan Komersial | D4: BB0010
A5: Guiding Light Cafe - 3A3B | B5: E | C5: Restoran | D5: BB0100
A6: Promenade Cafe - 3A3B | B6: F | C6: Restoran | D6: BB0100
A7: Selera Medan Bunus - 1C1D | B7: G | C7: Restoran | D7: BB0100
A8: Cafe Jalan Tun Perak - 1C1D | B8: H | C8: Restoran | D8: BB0100
A9: Kiosk 1 Pocket Park - 1C1D | B9: I | C9: Restoran | D9: BB0100
A10: Kiosk 2 Pocket Park - 1C1D | B10: J | C10: Restoran | D10: BB0100
A11: Old Train Station Guiding Gallery - 4A4B | B11: K | C11: Bangunan Komersial | D11: BB0010
A12: Bike Repair Kiosk - 4A4B | B12: L | C12: Bangunan Komersial | D12: BB0010
... A16: Utility Room / Pump House - 1C1D | B16: P | C16: Pump House | D16: UC0080

Sheet MASTER_BINAAN_LUAR
A1: Nama Binaan Luar | B1: Kod Binaan Luar
A2: Cottage/ Wakaf | B2: BG0092
A3: Landscape | B3: BG0410
A4: Bus Stop/ Taxi Stop | B4: BJ0021
A5: Fencing | B5: BJ0400
A6: Walkway/Pedestrian/Footpath | B6: TA0112
A7: Overhead Crossing | B7: TA0140
A8: Pump House | B8: UC0080

Sheet MASTER_KOMPONEN
A1: Nama Komponen | B1: ID Komponen | C1: Bidang | D1: Sistem | E1: Subsistem | F1: Jenis | G1: Kategori Komponen
A2: CONFLUENCE GUIDING BRIDGE | B2: 1 | C2: A | D2: 02 | E2: 05 | F2: BINAAN LUAR | G2: WALKWAY
A3: FLUORESCENT LIGHT WITH LIGHT GUARD | B3: =B2+1 -> 2 | C3: E | D3: 14 | E3: 10 | F3: BINAAN LUAR | G3: BLOK LIGHTING
A4: GUIDING LIGHT | B4: =B3+1 -> 3 | C4: A | D4: 14 | E4: 11 | F4: BINAAN LUAR | G4: SIGNAGE
A5: HENTIAN BAS | B5: =B4+1 -> 4 | C5: A | D5: 02 | E5: 01 | F5: BINAAN LUAR | G5: BUS STOP
A6: SHELTER | B6: =B5+1 -> 5 | C6: A | D6: 02 | E6: 01 | F6: BINAAN LUAR | G6: SHELTER
A7: WATER FEATURES | B7: =B6+1 -> 6 | C7: M | D7: 27 | E7: 02 | F7: BINAAN LUAR | G7: WATER FEATURES
A8: CANVAS CANOPY | B8: =B7+1 -> 7 | C8: A | D8: 09 | E8: 01 | F8: BINAAN LUAR | G8: CANOPY
A9: HIASAN LANDSKAP | B9: =B8+1 -> 8 | C9: A | D9: 09 | E9: 02 | F9: BINAAN LUAR | G9: LANDSCAPE
A10: PLAYGROUND SURFACE EPDM | B10: =B9+1 -> 9 | C10: A | D10: 09 | E10: 01 | F10: BINAAN LUAR | G10: FLOOR FINISHES
A11: CONCRETE PAVING - MODULE 1(INSITU CONCRETE, BROOM FINISH) | B11: =B10+1 -> 10 | C11: A | D11: 09 | E11: 01 | F11: BINAAN LUAR | G11: FLOOR FINISHES
A12: CONCRETE PAVING - MODULE 2 (EXPOSED AGGREGATE) | B12: =B11+1 -> 11 | C12: A | D12: 09 | E12: 01 | F12: BINAAN LUAR | G12: FLOOR FINISHES
A13: CONCRETE PAVING - MODULE 3 (PEBBLE WASH) | B13: =B12+1 -> 12 | C13: A | D13: 09 | E13: 01 | F13: BINAAN LUAR | G13: FLOOR FINISHES
A14: CONCRETE PAVING - MODULE 4 (100X100 UNIT PAVER) | B14: =B13+1 -> 13 | C14: A | D14: 09 | E14: 01 | F14: BINAAN LUAR | G14: FLOOR FINISHES
... A415: RAILING TYPE 05 SLIDING - STANDARD (HOT-DIPPED GALVANISED VERTICAL STEEL FRAME WITH SLIDING BRACKET) | B415: =B414+1 -> 414 | C415: A | D415: 08 | E415: 04 | F415: BINAAN LUAR | G415: RAILING

Sheet MASTER_ARAS_RUANG
A1: NAMA ARAS | B1: KOD ARAS | C1: NAMA RUANG | D1: KOD RUANG
A2: ARAS LANTAI | B2: 00 | C2: ROL P7 - ZON 1 | D2: 01 | E2: TA0140 | F2: =CONCATENATE(E2,".","00",".",D2) -> TA0140.00.01 | G2: Overhead Crossing | H2: =CONCATENATE(G2," - ",C2) -> Overhead Crossing - ROL P7 - ZON 1
A3: ARAS SATU | B3: 01 | C3: ROL P7 - ZON 2 | D3: 02 | E3: TA0140 | F3: =CONCATENATE(E3,".","00",".",D3) -> TA0140.00.02 | G3: Overhead Crossing | H3: =CONCATENATE(G3," - ",C3) -> Overhead Crossing - ROL P7 - ZON 2
A4: ARAS DUA | B4: 02 | C4: ROL P7 - ZON 3 | D4: 03 | E4: TA0140 | F4: =CONCATENATE(E4,".","00",".",D4) -> TA0140.00.03 | G4: Overhead Crossing | H4: =CONCATENATE(G4," - ",C4) -> Overhead Crossing - ROL P7 - ZON 3
A5: ARAS BAWAH TANAH | B5: 03 | C5: ROL P7 - ZON 4 | D5: 04 | E5: TA0140 | F5: =CONCATENATE(E5,".","00",".",D5) -> TA0140.00.04 | G5: Overhead Crossing | H5: =CONCATENATE(G5," - ",C5) -> Overhead Crossing - ROL P7 - ZON 4
C6: ROL P7 - ZON 5 | D6: 05 | E6: TA0140 | F6: =CONCATENATE(E6,".","00",".",D6) -> TA0140.00.05 | G6: Overhead Crossing | H6: =CONCATENATE(G6," - ",C6) -> Overhead Crossing - ROL P7 - ZON 5
C7: ROL P7 - ZON 6 | D7: 06 | E7: TA0140 | F7: =CONCATENATE(E7,".","00",".",D7) -> TA0140.00.06 | G7: Overhead Crossing | H7: =CONCATENATE(G7," - ",C7) -> Overhead Crossing - ROL P7 - ZON 6
C8: ROL PHASE 3A3B - 3A ZON 1 | D8: 07 | E8: TA0140 | F8: =CONCATENATE(E8,".","00",".",D8) -> TA0140.00.07 | G8: Overhead Crossing | H8: =CONCATENATE(G8," - ",C8) -> Overhead Crossing - ROL PHASE 3A3B - 3A ZON 1
C9: ROL PHASE 3A3B - 3A ZON 2 | D9: 08 | E9: TA0140 | F9: =CONCATENATE(E9,".","00",".",D9) -> TA0140.00.08 | G9: Overhead Crossing | H9: =CONCATENATE(G9," - ",C9) -> Overhead Crossing - ROL PHASE 3A3B - 3A ZON 2
C10: ROL PHASE 3A3B - 3A ZON 3 | D10: 09 | E10: TA0140 | F10: =CONCATENATE(E10,".","00",".",D10) -> TA0140.00.09 | G10: Overhead Crossing | H10: =CONCATENATE(G10," - ",C10) -> Overhead Crossing - ROL PHASE 3A3B - 3A ZON 3
C11: ROL PHASE 3A3B - 3A ZON 4 | D11: 10 | E11: TA0140 | F11: =CONCATENATE(E11,".","00",".",D11) -> TA0140.00.10 | G11: Overhead Crossing | H11: =CONCATENATE(G11," - ",C11) -> Overhead Crossing - ROL PHASE 3A3B - 3A ZON 4
C12: ROL PHASE 3A3B - 3B ZON 1 | D12: 11 | E12: TA0140 | F12: =CONCATENATE(E12,".","00",".",D12) -> TA0140.00.11 | G12: Overhead Crossing | H12: =CONCATENATE(G12," - ",C12) -> Overhead Crossing - ROL PHASE 3A3B - 3B ZON 1
C13: ROL PHASE 3A3B - 3B ZON 2 | D13: 12 | E13: TA0140 | F13: =CONCATENATE(E13,".","00",".",D13) -> TA0140.00.12 | G13: Overhead Crossing | H13: =CONCATENATE(G13," - ",C13) -> Overhead Crossing - ROL PHASE 3A3B - 3B ZON 2
C14: ROL PHASE 3A3B - 3B ZON 3 | D14: 13 | E14: TA0140 | F14: =CONCATENATE(E14,".","00",".",D14) -> TA0140.00.13 | G14: Overhead Crossing | H14: =CONCATENATE(G14," - ",C14) -> Overhead Crossing - ROL PHASE 3A3B - 3B ZON 3
C15: ROL 1C1D - ZON 1C (i) | D15: 14 | E15: TA0140 | F15: =CONCATENATE(E15,".","00",".",D15) -> TA0140.00.14 | G15: Overhead Crossing | H15: =CONCATENATE(G15," - ",C15) -> Overhead Crossing - ROL 1C1D - ZON 1C (i)
C16: ROL 1C1D - ZON 1C (ii) | D16: 15 | E16: TA0140 | F16: =CONCATENATE(E16,".","00",".",D16) -> TA0140.00.15 | G16: Overhead Crossing | H16: =CONCATENATE(G16," - ",C16) -> Overhead Crossing - ROL 1C1D - ZON 1C (ii)
C17: ROL 1C1D - ZON 1D | D17: 16 | E17: TA0140 | F17: =CONCATENATE(E17,".","00",".",D17) -> TA0140.00.16 | G17: Overhead Crossing | H17: =CONCATENATE(G17," - ",C17) -> Overhead Crossing - ROL 1C1D - ZON 1D
C18: ROL 4A4B - ZON 1 4A | D18: 17 | E18: TA0140 | F18: =CONCATENATE(E18,".","00",".",D18) -> TA0140.00.17 | G18: Overhead Crossing | H18: =CONCATENATE(G18," - ",C18) -> Overhead Crossing - ROL 4A4B - ZON 1 4A
C19: ROL 4A4B - ZON 2 4B | D19: 18 | E19: TA0140 | F19: =CONCATENATE(E19,".","00",".",D19) -> TA0140.00.18 | G19: Overhead Crossing | H19: =CONCATENATE(G19," - ",C19) -> Overhead Crossing - ROL 4A4B - ZON 2 4B
C20: TITIWANGSA - SISIR BARAT | D20: 19 | E20: TA0140 | F20: =CONCATENATE(E20,".","00",".",D20) -> TA0140.00.19 | G20: Overhead Crossing | H20: =CONCATENATE(G20," - ",C20) -> Overhead Crossing - TITIWANGSA - SISIR BARAT
C21: TITIWANGSA - SISIR TIMUR | D21: 20 | E21: TA0140 | F21: =CONCATENATE(E21,".","00",".",D21) -> TA0140.00.20 | G21: Overhead Crossing | H21: =CONCATENATE(G21," - ",C21) -> Overhead Crossing - TITIWANGSA - SISIR TIMUR
C22: ROL 4A4B - ZON 1 4A - UTILITY ROOM | D22: 17A
C23: ROL 1C1D - ZON 1D - PUMP HOUSE | D23: 16A

Sheet DATA_PEMANTAU
A1: Tarikh | B1: Jenis Aset | C1: Nama Blok/BL | D1: Nama Komponen | E1: Kategori Komponen | F1: ID Komp | G1: Bidang | H1: Sistem | I1: Subsistem | J1: Aras | K1: Kod Aras | L1: Ruang | M1: Kod Ruang | N1: Bilangan | O1: ID Qty Mula | P1: ID Qty Akhir | Q1: Label Komponen | R1: No DPA & DAK | S1: Koord X | T1: Koord Y | U1: URL Gambar | V1: Ukuran Nilai | W1: Ukuran Unit | X1: Nama | Y1: Email | Z1: Kod Blok | AA1: Kod Binaan Luar | AB1: Kod Fungsi Binaan | AC1: Status Aset | AD1: Nama Pengesah | AE1: Jawatan Pengesah | AF1: URL Sig Pengumpul | AG1: URL Sig Pengesah | AH1: Email Pengesah | AI1: Catatan | AJ1: URL Tandatangan Pengesah | AK1: URL PDF DA6 | AL1: Jawatan Pengisi
A2: 45785.441 | B2: BINAAN LUAR | C2: Landscape | D2: FF01.7– BENCH TYPE 07B FLOW BENCH | E2: {=IFERROR(XLOOKUP(D2, MASTER_KOMPONEN!A:A, MASTER_KOMPONEN!G:G, ""), "")} -> BENCHES | F2: 208 | G2: A | H2: 9 | I2: 1 | J2: ARAS LANTAI | K2: 00 | L2: ROL P7 - ZON 1 | M2: 01 | N2: 2 | O2: 0001 | P2: 0002 | Q2: A0901.0001-0002 | R2: 1101164MYS.140005.BG0002.BG0410.02.00.01.208 | S2: 101°41'36.9"E | T2: 3°09'02.7"N | U2: https://drive.google.com/uc?export=view&id=14gxy8pHBhmnfjvLVikep0M0M__Fu_dRz | X2: MOHD AZUAN BIN MOHD SARIFF | Y2: azuansalwa5960@gmail.com | AA2: BG0410 | AC2: AKTIF | AD2: MUHAMMAD SYAZWI BIN KHUSAIRI | AE2: JURUTERA AWAM, J9 | AG2: https://drive.google.com/file/d/1higsIKBDMSqR5wytlOMo2TtMpXaZx1Zr/view?usp=drivesdk | AH2: msyazwik@gmail.com | AJ2: https://drive.google.com/file/d/1higsIKBDMSqR5wytlOMo2TtMpXaZx1Zr/view?usp=drivesdk | AK2: https://drive.google.com/file/d/18wMbUStO0oRXzZLFz-BcahYaKkP7TMc2/view?usp=drivesdk | AL2: Pembantu Am
A3: 45785.443 | B3: BINAAN LUAR | C3: Landscape | D3: FF01.7 – BENCH TYPE 07A FLOW BENCH | E3: {=IFERROR(XLOOKUP(D3, MASTER_KOMPONEN!A:A, MASTER_KOMPONEN!G:G, ""), "")} -> BENCHES | F3: 207 | G3: A | H3: 9 | I3: 1 | J3: ARAS LANTAI | K3: 00 | L3: ROL P7 - ZON 1 | M3: 01 | N3: 2 | O3: 0001 | P3: 0002 | Q3: A0901.0001-0002 | R3: 1101164MYS.140005.BG0002.BG0410.02.00.01.207 | S3: 101°41'36.9"E | T3: 3°09'02.7"N | U3: https://drive.google.com/uc?export=view&id=1LEajXLHX5yoE7G-74zHCksL5uDiYuMMm | X3: MOHD AZUAN BIN MOHD SARIFF | Y3: azuansalwa5960@gmail.com | AA3: BG0410 | AC3: AKTIF | AD3: MUHAMMAD SYAZWI BIN KHUSAIRI | AE3: JURUTERA AWAM, J9 | AG3: https://drive.google.com/file/d/1higsIKBDMSqR5wytlOMo2TtMpXaZx1Zr/view?usp=drivesdk | AH3: msyazwik@gmail.com | AJ3: https://drive.google.com/file/d/1higsIKBDMSqR5wytlOMo2TtMpXaZx1Zr/view?usp=drivesdk | AK3: https://drive.google.com/file/d/1dTQiWr7Prvx7UMtX1aY00EbmSGEJfu2G/view?usp=drivesdk | AL3: Pembantu Am
A4: 45785.448 | B4: BINAAN LUAR | C4: Landscape | D4: SG05A – IDENTIFICATION MOUNTED SIGNAGE | E4: {=IFERROR(XLOOKUP(D4, MASTER_KOMPONEN!A:A, MASTER_KOMPONEN!G:G, ""), "")} -> SIGNAGE | F4: 284 | G4: A | H4: 8 | I4: 7 | J4: ARAS LANTAI | K4: 00 | L4: ROL P7 - ZON 1 | M4: 01 | N4: 1 | O4: 0001 | P4: 0001 | Q4: A0807.0001-0001 | R4: 1101164MYS.140005.BG0002.BG0410.01.00.01.284 | S4: 101°41'36.9"E | T4: 3°09'02.7"N | U4: https://drive.google.com/uc?export=view&id=1sj9U0sNXGpBIiHnT4p5PPnoayMtcNQ4u | X4: MOHD AZUAN BIN MOHD SARIFF | Y4: azuansalwa5960@gmail.com | AA4: BG0410 | AC4: AKTIF | AD4: MUHAMMAD SYAZWI BIN KHUSAIRI | AE4: JURUTERA AWAM, J9 | AG4: https://drive.google.com/file/d/1higsIKBDMSqR5wytlOMo2TtMpXaZx1Zr/view?usp=drivesdk | AH4: msyazwik@gmail.com | AJ4: https://drive.google.com/file/d/1higsIKBDMSqR5wytlOMo2TtMpXaZx1Zr/view?usp=drivesdk | AK4: https://drive.google.com/file/d/1Cu64QftOqeHAslAsAILk2Hvkyl-QqEfV/view?usp=drivesdk | AL4: Pembantu Am
A5: 45816.438 | B5: BINAAN LUAR | C5: Landscape | D5: FF03.2 – BIN TYPE 02 | E5: {=IFERROR(XLOOKUP(D5, MASTER_KOMPONEN!A:A, MASTER_KOMPONEN!G:G, ""), "")} -> BIN | F5: 246 | G5: A | H5: 9 | I5: 1 | J5: ARAS LANTAI | K5: 00 | L5: ROL P7 - ZON 5 | M5: 05 | N5: 1 | O5: 0001 | P5: 0001 | Q5: A0901.0001-0001 | R5: 1101164MYS.140005.BG0002.BG0410.01.00.05.246 | S5: 101.69446 | T5: 3.1472616 | U5: https://drive.google.com/uc?export=view&id=1e51aDsCbDPxMnijF5y8YfLlIb-goJKG5 | X5: KHAIRUL HAMADI BIN ABDULLAH SANI | Y5: khairulhamadi@gmail.com | AA5: BG0410 | AC5: AKTIF | AD5: MUHAMMAD SYAZWI BIN KHUSAIRI | AE5: JURUTERA AWAM, J9 | AF5: https://drive.google.com/file/d/1TwH8ac0vamZjpCm2V8YFMwD9gEeTvIU_/view?usp=drivesdk | AG5: https://drive.google.com/file/d/1higsIKBDMSqR5wytlOMo2TtMpXaZx1Zr/view?usp=drivesdk | AH5: msyazwik@gmail.com | AJ5: https://drive.google.com/file/d/1higsIKBDMSqR5wytlOMo2TtMpXaZx1Zr/view?usp=drivesdk | AK5: https://drive.google.com/file/d/1Q0hHsKQRNkqB-AyyPoLfDJPWHAPMQ7Sq/view?usp=drivesdk | AL5: PENOLONG PEGAWAI SENIBINA
A6: 45816.438 | B6: BINAAN LUAR | C6: Landscape | D6: FF03.2 – BIN TYPE 02 | E6: {=IFERROR(XLOOKUP(D6, MASTER_KOMPONEN!A:A, MASTER_KOMPONEN!G:G, ""), "")} -> BIN | F6: 246 | G6: A | H6: 9 | I6: 1 | J6: ARAS LANTAI | K6: 00 | L6: ROL P7 - ZON 5 | M6: 05 | N6: 1 | O6: 0002 | P6: 0002 | Q6: A0901.0002-0002 | R6: 1101164MYS.140005.BG0002.BG0410.01.00.05.246 | S6: 101.69446 | T6: 3.1472616 | U6: https://drive.google.com/uc?export=view&id=1fT6RNzOqyVnAcaPCw7lCQpcuTQCh8yrz | X6: KHAIRUL HAMADI BIN ABDULLAH SANI | Y6: khairulhamadi@gmail.com | AA6: BG0410 | AC6: AKTIF | AD6: MUHAMMAD SYAZWI BIN KHUSAIRI | AE6: JURUTERA AWAM, J9 | AF6: https://drive.google.com/file/d/1TwH8ac0vamZjpCm2V8YFMwD9gEeTvIU_/view?usp=drivesdk | AG6: https://drive.google.com/file/d/1higsIKBDMSqR5wytlOMo2TtMpXaZx1Zr/view?usp=drivesdk | AH6: msyazwik@gmail.com | AJ6: https://drive.google.com/file/d/1higsIKBDMSqR5wytlOMo2TtMpXaZx1Zr/view?usp=drivesdk | AK6: https://drive.google.com/file/d/1ozgxfbAn2DAY_kLFr4IJvnPk8s7XfmLS/view?usp=drivesdk | AL6: PENOLONG PEGAWAI SENIBINA
A7: 45816.448 | B7: BINAAN LUAR | C7: Walkway/Pedestrian/Footpath | D7: SG01A – PRIMARY GATEWAY SINAGE | E7: {=IFERROR(XLOOKUP(D7, MASTER_KOMPONEN!A:A, MASTER_KOMPONEN!G:G, ""), "")} -> SIGNAGE | F7: 275 | G7: A | H7: 8 | I7: 7 | J7: ARAS LANTAI | K7: 00 | L7: ROL P7 - ZON 4 | M7: 04 | N7: 1 | O7: 0001 | P7: 0001 | Q7: A0807.0001-0001 | R7: 1101164MYS.140005.BG0002.TA0112.01.00.04.275 | S7: 101.69462 | T7: 3.1496288 | U7: https://drive.google.com/uc?export=view&id=15DwG6yS7XuN2NMRC8Rvpo0ydR63FqrCz | X7: MOHD YAZID BIN JAHARI | Y7: yaziddbkl@gmail.com | AA7: TA0112 | AC7: AKTIF | AD7: MUHAMMAD SYAZWI BIN KHUSAIRI | AE7: JURUTERA AWAM, J9 | AF7: https://drive.google.com/file/d/17N6scyltml3TkIDU8BTXsljgeOy0_LG0/view?usp=drivesdk | AG7: https://drive.google.com/file/d/1higsIKBDMSqR5wytlOMo2TtMpXaZx1Zr/view?usp=drivesdk | AH7: msyazwik@gmail.com | AJ7: https://drive.google.com/file/d/1higsIKBDMSqR5wytlOMo2TtMpXaZx1Zr/view?usp=drivesdk | AK7: https://drive.google.com/file/d/1Wy0VBfhIhpFT_GfxOA3Gvw7323u1ndNR/view?usp=drivesdk | AL7: PENOLONG PEGAWAI SENIBINA
A8: 45816.448 | B8: BINAAN LUAR | C8: Walkway/Pedestrian/Footpath | D8: LT01.15 - STREET LIGHT TYPE 15 SCHREDER HESTIA LED WITH ATTACHED ELEMENTS (SINGLE LAMP) | E8: {=IFERROR(XLOOKUP(D8, MASTER_KOMPONEN!A:A, MASTER_KOMPONEN!G:G, ""), "")} -> STREET LIGHTING | F8: 305 | G8: E | H8: 14 | I8: 11 | J8: ARAS LANTAI | K8: 00 | L8: ROL P7 - ZON 5 | M8: 05 | N8: 1 | O8: 0001 | P8: 0001 | Q8: E1411.0001-0001 | R8: 1101164MYS.140005.BG0002.TA0112.01.00.05.305 | S8: 101.69458 | T8: 3.1469195 | U8: https://drive.google.com/uc?export=view&id=1lOgyIQpATRIxFxAZQu9_k5Z3Q0MpuS70 | X8: KHAIRUL HAMADI BIN ABDULLAH SANI | Y8: khairulhamadi@gmail.com | AA8: TA0112 | AC8: AKTIF | AD8: MUHAMMAD SYAZWI BIN KHUSAIRI | AE8: JURUTERA AWAM, J9 | AF8: https://drive.google.com/file/d/1TwH8ac0vamZjpCm2V8YFMwD9gEeTvIU_/view?usp=drivesdk | AG8: https://drive.google.com/file/d/1higsIKBDMSqR5wytlOMo2TtMpXaZx1Zr/view?usp=drivesdk | AH8: msyazwik@gmail.com | AJ8: https://drive.google.com/file/d/1higsIKBDMSqR5wytlOMo2TtMpXaZx1Zr/view?usp=drivesdk | AK8: https://drive.google.com/file/d/1YvCGtwu_lHt4-HS7os-8zz8tuju6icyn/view?usp=drivesdk | AL8: PENOLONG PEGAWAI SENIBINA
A9: 45816.45 | B9: BINAAN LUAR | C9: Walkway/Pedestrian/Footpath | D9: LT01.15 - STREET LIGHT TYPE 15 SCHREDER HESTIA LED WITH ATTACHED ELEMENTS (SINGLE LAMP) | E9: {=IFERROR(XLOOKUP(D9, MASTER_KOMPONEN!A:A, MASTER_KOMPONEN!G:G, ""), "")} -> STREET LIGHTING | F9: 305 | G9: E | H9: 14 | I9: 11 | J9: ARAS LANTAI | K9: 00 | L9: ROL P7 - ZON 5 | M9: 05 | N9: 1 | O9: 0002 | P9: 0002 | Q9: E1411.0002-0002 | R9: 1101164MYS.140005.BG0002.TA0112.01.00.05.305 | S9: 101.6946 | T9: 3.1470493 | U9: https://drive.google.com/uc?export=view&id=17HYEvsjD1a25pH_0Qqu4n9ztSHY_gm3Z | X9: KHAIRUL HAMADI BIN ABDULLAH SANI | Y9: khairulhamadi@gmail.com | AA9: TA0112 | AC9: AKTIF | AD9: MUHAMMAD SYAZWI BIN KHUSAIRI | AE9: JURUTERA AWAM, J9 | AF9: https://drive.google.com/file/d/1TwH8ac0vamZjpCm2V8YFMwD9gEeTvIU_/view?usp=drivesdk | AG9: https://drive.google.com/file/d/1higsIKBDMSqR5wytlOMo2TtMpXaZx1Zr/view?usp=drivesdk | AH9: msyazwik@gmail.com | AJ9: https://drive.google.com/file/d/1higsIKBDMSqR5wytlOMo2TtMpXaZx1Zr/view?usp=drivesdk | AK9: https://drive.google.com/file/d/1bQEb3FqqSxqPVDR3rvup1Q3EkreAqba8/view?usp=drivesdk | AL9: PENOLONG PEGAWAI SENIBINA
A10: 45816.453 | B10: BINAAN LUAR | C10: Landscape | D10: LT04.1 - UPLIGHT TYPE 01 IGUZZINI | E10: {=IFERROR(XLOOKUP(D10, MASTER_KOMPONEN!A:A, MASTER_KOMPONEN!G:G, ""), "")} -> WALKWAY LIGHTING | F10: 322 | G10: E | H10: 14 | I10: 11 | J10: ARAS LANTAI | K10: 00 | L10: ROL P7 - ZON 4 | M10: 04 | N10: 14 | O10: 0001 | P10: 0014 | Q10: E1411.0001-0014 | R10: 1101164MYS.140005.BG0002.BG0410.14.00.04.322 | S10: 101.69457 | T10: 3.1495551071644683, | U10: https://drive.google.com/uc?export=view&id=1MtPlfm7Eg74usU2-E1Z_5VJHKQY6w-Sh | X10: MOHD YAZID BIN JAHARI | Y10: yaziddbkl@gmail.com | AA10: BG0410 | AC10: AKTIF | AD10: MUHAMMAD SYAZWI BIN KHUSAIRI | AE10: JURUTERA AWAM, J9 | AF10: https://drive.google.com/file/d/17N6scyltml3TkIDU8BTXsljgeOy0_LG0/view?usp=drivesdk | AG10: https://drive.google.com/file/d/1higsIKBDMSqR5wytlOMo2TtMpXaZx1Zr/view?usp=drivesdk | AH10: msyazwik@gmail.com | AJ10: https://drive.google.com/file/d/1higsIKBDMSqR5wytlOMo2TtMpXaZx1Zr/view?usp=drivesdk | AK10: https://drive.google.com/file/d/1QBkSpwlhIsX5gl0j2jXNp-Tl4Wrd3BHY/view?usp=drivesdk | AL10: PENOLONG PEGAWAI SENIBINA
A11: 45816.455 | B11: BINAAN LUAR | C11: Landscape | D11: FF01.11– BENCH TYPE 11A ESCOFET SOCRATES | E11: {=IFERROR(XLOOKUP(D11, MASTER_KOMPONEN!A:A, MASTER_KOMPONEN!G:G, ""), "")} -> BENCHES | F11: 214 | G11: A | H11: 9 | I11: 1 | J11: ARAS LANTAI | K11: 00 | L11: ROL P7 - ZON 4 | M11: 04 | N11: 2 | O11: 0001 | P11: 0002 | Q11: A0901.0001-0002 | R11: 1101164MYS.140005.BG0002.BG0410.02.00.04.214 | S11: 101.69457 | T11: 3.1495551071644683, | U11: https://drive.google.com/uc?export=view&id=14LdGh2pWa1ybzEA59FK128FdkvQO5hsS | X11: MOHD YAZID BIN JAHARI | Y11: yaziddbkl@gmail.com | AA11: BG0410 | AC11: AKTIF | AD11: MUHAMMAD SYAZWI BIN KHUSAIRI | AE11: JURUTERA AWAM, J9 | AF11: https://drive.google.com/file/d/17N6scyltml3TkIDU8BTXsljgeOy0_LG0/view?usp=drivesdk | AG11: https://drive.google.com/file/d/1higsIKBDMSqR5wytlOMo2TtMpXaZx1Zr/view?usp=drivesdk | AH11: msyazwik@gmail.com | AJ11: https://drive.google.com/file/d/1higsIKBDMSqR5wytlOMo2TtMpXaZx1Zr/view?usp=drivesdk | AK11: https://drive.google.com/file/d/1HfJALb3f1Rw_Rdbe11wCRPdwsLa2HTRr/view?usp=drivesdk | AL11: PENOLONG PEGAWAI SENIBINA
A12: 45816.457 | B12: BINAAN LUAR | C12: Landscape | D12: LT04.3 - UPLIGHT TYPE 03 IGUZZINI | E12: {=IFERROR(XLOOKUP(D12, MASTER_KOMPONEN!A:A, MASTER_KOMPONEN!G:G, ""), "")} -> WALKWAY LIGHTING | F12: 324 | G12: E | H12: 14 | I12: 11 | J12: ARAS LANTAI | K12: 00 | L12: ROL P7 - ZON 4 | M12: 04 | N12: 4 | O12: 0001 | P12: 0004 | Q12: E1411.0001-0004 | R12: 1101164MYS.140005.BG0002.BG0410.04.00.04.324 | S12: 101.69456 | T12: 3.1496234001797614, | U12: https://drive.google.com/uc?export=view&id=1TdR9s9JnZ-GDywNzF8UGkfBq1C8ccWtY | X12: MOHD YAZID BIN JAHARI | Y12: yaziddbkl@gmail.com | AA12: BG0410 | AC12: AKTIF | AD12: MUHAMMAD SYAZWI BIN KHUSAIRI | AE12: JURUTERA AWAM, J9 | AF12: https://drive.google.com/file/d/17N6scyltml3TkIDU8BTXsljgeOy0_LG0/view?usp=drivesdk | AG12: https://drive.google.com/file/d/1higsIKBDMSqR5wytlOMo2TtMpXaZx1Zr/view?usp=drivesdk | AH12: msyazwik@gmail.com | AJ12: https://drive.google.com/file/d/1higsIKBDMSqR5wytlOMo2TtMpXaZx1Zr/view?usp=drivesdk | AK12: https://drive.google.com/file/d/16pK79C51efMeMFHOLcRTZJG3aO7eXYWX/view?usp=drivesdk | AL12: PENOLONG PEGAWAI SENIBINA
A13: 45816.459 | B13: BINAAN LUAR | C13: Landscape | D13: FF09.4 – TREE GRATE TYPE 04 | E13: {=IFERROR(XLOOKUP(D13, MASTER_KOMPONEN!A:A, MASTER_KOMPONEN!G:G, ""), "")} -> LANDSCAPE | F13: 258 | G13: A | H13: 9 | I13: 1 | J13: ARAS LANTAI | K13: 00 | L13: ROL P7 - ZON 4 | M13: 04 | N13: 6 | O13: 0001 | P13: 0006 | Q13: A0901.0001-0006 | R13: 1101164MYS.140005.BG0002.BG0410.06.00.04.258 | S13: 101.69465 | T13: 3.14953368190383, | U13: https://drive.google.com/uc?export=view&id=1ADQV6pP-ac5MKXyOHyGwvkpJyuDBC83f | X13: MOHD YAZID BIN JAHARI | Y13: yaziddbkl@gmail.com | AA13: BG0410 | AC13: AKTIF | AD13: MUHAMMAD SYAZWI BIN KHUSAIRI | AE13: JURUTERA AWAM, J9 | AF13: https://drive.google.com/file/d/17N6scyltml3TkIDU8BTXsljgeOy0_LG0/view?usp=drivesdk | AG13: https://drive.google.com/file/d/1higsIKBDMSqR5wytlOMo2TtMpXaZx1Zr/view?usp=drivesdk | AH13: msyazwik@gmail.com | AJ13: https://drive.google.com/file/d/1higsIKBDMSqR5wytlOMo2TtMpXaZx1Zr/view?usp=drivesdk | AK13: https://drive.google.com/file/d/1MvBJR_FEsq_UZ92aB9lzn67Cc286K63_/view?usp=drivesdk | AL13: PENOLONG PEGAWAI SENIBINA
A14: 45816.462 | B14: BINAAN LUAR | C14: Landscape | D14: FF02.1– PLANTER SEAT TYPE 01 WITHOUT BACKREST | E14: {=IFERROR(XLOOKUP(D14, MASTER_KOMPONEN!A:A, MASTER_KOMPONEN!G:G, ""), "")} -> BENCHES | F14: 242 | G14: A | H14: 9 | I14: 1 | J14: ARAS LANTAI | K14: 00 | L14: ROL P7 - ZON 4 | M14: 04 | N14: 1 | O14: 0001 | P14: 0001 | Q14: A0901.0001-0001 | R14: 1101164MYS.140005.BG0002.BG0410.01.00.04.242 | S14: 101.69459 | T14: 3.1496689288541435, | U14: https://drive.google.com/uc?export=view&id=1b2esYBKHVyGNV67RZF4-oiIsxCiXDD7m | X14: MOHD YAZID BIN JAHARI | Y14: yaziddbkl@gmail.com | AA14: BG0410 | AC14: AKTIF | AD14: MUHAMMAD SYAZWI BIN KHUSAIRI | AE14: JURUTERA AWAM, J9 | AF14: https://drive.google.com/file/d/17N6scyltml3TkIDU8BTXsljgeOy0_LG0/view?usp=drivesdk | AG14: https://drive.google.com/file/d/1higsIKBDMSqR5wytlOMo2TtMpXaZx1Zr/view?usp=drivesdk | AH14: msyazwik@gmail.com | AJ14: https://drive.google.com/file/d/1higsIKBDMSqR5wytlOMo2TtMpXaZx1Zr/view?usp=drivesdk | AK14: https://drive.google.com/file/d/176czIzdxkb16dIoJ2ucMMGBIrv1NHWTV/view?usp=drivesdk | AL14: PENOLONG PEGAWAI SENIBINA
A15: 45816.463 | B15: BINAAN LUAR | C15: Landscape | D15: FF02.1– PLANTER SEAT TYPE 01 WITHOUT BACKREST | E15: {=IFERROR(XLOOKUP(D15, MASTER_KOMPONEN!A:A, MASTER_KOMPONEN!G:G, ""), "")} -> BENCHES | F15: 242 | G15: A | H15: 9 | I15: 1 | J15: ARAS LANTAI | K15: 00 | L15: ROL P7 - ZON 1 | M15: 01 | N15: 3 | O15: 0001 | P15: 0003 | Q15: A0901.0001-0003 | R15: 1101164MYS.140005.BG0002.BG0410.03.00.01.242 | S15: 101°41'36.9"E | T15: 3°09'02.7"N | U15: https://drive.google.com/uc?export=view&id=11qkBErlu3t9JqhpbxjPqMhljP8XbsSZt | X15: MOHD AZUAN BIN MOHD SARIFF | Y15: azuansalwa5960@gmail.com | AA15: BG0410 | AC15: AKTIF | AD15: MUHAMMAD SYAZWI BIN KHUSAIRI | AE15: JURUTERA AWAM, J9 | AG15: https://drive.google.com/file/d/1higsIKBDMSqR5wytlOMo2TtMpXaZx1Zr/view?usp=drivesdk | AH15: msyazwik@gmail.com | AJ15: https://drive.google.com/file/d/1higsIKBDMSqR5wytlOMo2TtMpXaZx1Zr/view?usp=drivesdk | AK15: https://drive.google.com/file/d/1RYC8byhPyqTjM4Yq1lV88RS-ogvb2vtI/view?usp=drivesdk | AL15: Pembantu Am
A16: 45816.465 | B16: BINAAN LUAR | C16: Landscape | D16: FF01.11– BENCH TYPE 11A ESCOFET SOCRATES | E16: {=IFERROR(XLOOKUP(D16, MASTER_KOMPONEN!A:A, MASTER_KOMPONEN!G:G, ""), "")} -> BENCHES | F16: 214 | G16: A | H16: 9 | I16: 1 | J16: ARAS LANTAI | K16: 00 | L16: ROL P7 - ZON 1 | M16: 01 | N16: 7 | O16: 0001 | P16: 0007 | Q16: A0901.0001-0007 | R16: 1101164MYS.140005.BG0002.BG0410.07.00.01.214 | S16: 101°41'36.9"E | T16: 3°09'02.7"N | U16: https://drive.google.com/uc?export=view&id=1c8Z-6PIjUvKCfVb1LLe4nuAJrBsomRZk | X16: MOHD AZUAN BIN MOHD SARIFF | Y16: azuansalwa5960@gmail.com | AA16: BG0410 | AC16: AKTIF | AD16: MUHAMMAD SYAZWI BIN KHUSAIRI | AE16: JURUTERA AWAM, J9 | AG16: https://drive.google.com/file/d/1higsIKBDMSqR5wytlOMo2TtMpXaZx1Zr/view?usp=drivesdk | AH16: msyazwik@gmail.com | AJ16: https://drive.google.com/file/d/1higsIKBDMSqR5wytlOMo2TtMpXaZx1Zr/view?usp=drivesdk | AK16: https://drive.google.com/file/d/1kvyiuhbXnwdWjc6GLd6CB-ucJ5F9gZ_8/view?usp=drivesdk | AL16: Pembantu Am
A17: 45816.467 | B17: BINAAN LUAR | C17: Walkway/Pedestrian/Footpath | D17: RAILING TYPE 10 , 11 & 12 RIVERFRONT ALONG HERITAGE AREA | E17: {=IFERROR(XLOOKUP(D17, MASTER_KOMPONEN!A:A, MASTER_KOMPONEN!G:G, ""), "")} -> RAILING | F17: 194 | G17: A | H17: 9 | I17: 1 | J17: ARAS LANTAI | K17: 00 | L17: ROL P7 - ZON 4 | M17: 04 | N17: 1 | O17: 0001 | P17: 0001 | Q17: A0901.0001-0001 | R17: 1101164MYS.140005.BG0002.TA0112.01.00.04.194 | S17: 101.69474 | T17: 3.149552052544829, | U17: https://drive.google.com/uc?export=view&id=1Y21CT-CdqGjnvisAXqu-vGcCP2C_RBbo | X17: MOHD YAZID BIN JAHARI | Y17: yaziddbkl@gmail.com | AA17: TA0112 | AC17: AKTIF | AD17: MUHAMMAD SYAZWI BIN KHUSAIRI | AE17: JURUTERA AWAM, J9 | AF17: https://drive.google.com/file/d/17N6scyltml3TkIDU8BTXsljgeOy0_LG0/view?usp=drivesdk | AG17: https://drive.google.com/file/d/1higsIKBDMSqR5wytlOMo2TtMpXaZx1Zr/view?usp=drivesdk | AH17: msyazwik@gmail.com | AJ17: https://drive.google.com/file/d/1higsIKBDMSqR5wytlOMo2TtMpXaZx1Zr/view?usp=drivesdk | AK17: https://drive.google.com/file/d/1qZ4IG-fIFZGK9EWS8SRM8Ya7RveDz5pH/view?usp=drivesdk | AL17: PENOLONG PEGAWAI SENIBINA
A18: 45816.468 | B18: BINAAN LUAR | C18: Landscape | D18: FF03.2 – BIN TYPE 02 | E18: {=IFERROR(XLOOKUP(D18, MASTER_KOMPONEN!A:A, MASTER_KOMPONEN!G:G, ""), "")} -> BIN | F18: 246 | G18: A | H18: 9 | I18: 1 | J18: ARAS LANTAI | K18: 00 | L18: ROL P7 - ZON 1 | M18: 01 | N18: 3 | O18: 0001 | P18: 0003 | Q18: A0901.0001-0003 | R18: 1101164MYS.140005.BG0002.BG0410.03.00.01.246 | S18: 101°41'39.1"E | T18: 3°09'03.5"N | U18: https://drive.google.com/uc?export=view&id=1z5jke2Dy4rYjOmx35P9xoDTtrvF4oAGC | X18: MOHD AZUAN BIN MOHD SARIFF | Y18: azuansalwa5960@gmail.com | AA18: BG0410 | AC18: AKTIF | AD18: MUHAMMAD SYAZWI BIN KHUSAIRI | AE18: JURUTERA AWAM, J9 | AG18: https://drive.google.com/file/d/1higsIKBDMSqR5wytlOMo2TtMpXaZx1Zr/view?usp=drivesdk | AH18: msyazwik@gmail.com | AJ18: https://drive.google.com/file/d/1higsIKBDMSqR5wytlOMo2TtMpXaZx1Zr/view?usp=drivesdk | AK18: https://drive.google.com/file/d/1_YvXwB2F4hhbhVfQpu0SLj-EzwfSmPlZ/view?usp=drivesdk | AL18: Pembantu Am
A19: 45816.7 | B19: BINAAN LUAR | C19: Walkway/Pedestrian/Footpath | D19: SG01A – PRIMARY GATEWAY SINAGE | E19: {=IFERROR(XLOOKUP(D19, MASTER_KOMPONEN!A:A, MASTER_KOMPONEN!G:G, ""), "")} -> SIGNAGE | F19: 275 | G19: A | H19: 8 | I19: 7 | J19: ARAS LANTAI | K19: 00 | L19: ROL P7 - ZON 4 | M19: 04 | N19: 1 | O19: 0002 | P19: 0002 | Q19: A0807.0002-0002 | R19: 1101164MYS.140005.BG0002.TA0112.01.00.04.275 | S19: 101.69471 | T19: 3.1494921704601193, | U19: https://drive.google.com/uc?export=view&id=1HI8IkqHatdttbEYWbEMEU-T15LyhadMb | X19: MOHD YAZID BIN JAHARI | Y19: yaziddbkl@gmail.com | AA19: TA0112 | AC19: AKTIF | AD19: MUHAMMAD SYAZWI BIN KHUSAIRI | AE19: JURUTERA AWAM, J9 | AF19: https://drive.google.com/file/d/17N6scyltml3TkIDU8BTXsljgeOy0_LG0/view?usp=drivesdk | AG19: https://drive.google.com/file/d/1higsIKBDMSqR5wytlOMo2TtMpXaZx1Zr/view?usp=drivesdk | AH19: msyazwik@gmail.com | AJ19: https://drive.google.com/file/d/1higsIKBDMSqR5wytlOMo2TtMpXaZx1Zr/view?usp=drivesdk | AK19: https://drive.google.com/file/d/1CqzkpYtfg_mSGtnQ7Y7yVQLImfCIQhsB/view?usp=drivesdk | AL19: PENOLONG PEGAWAI SENIBINA
A20: 45846.429 | B20: BINAAN LUAR | C20: Walkway/Pedestrian/Footpath | D20: SG03B – PEDESTRIAN DIRECTIONAL TOTEM | E20: {=IFERROR(XLOOKUP(D20, MASTER_KOMPONEN!A:A, MASTER_KOMPONEN!G:G, ""), "")} -> SIGNAGE | F20: 278 | G20: A | H20: 8 | I20: 7 | J20: ARAS LANTAI | K20: 00 | L20: ROL P7 - ZON 5 | M20: 05 | N20: 1 | O20: 0001 | P20: 0001 | Q20: A0807.0001-0001 | R20: 1101164MYS.140005.BG0002.TA0112.01.00.05.278 | S20: 101.69416 | T20: 3.1471577 | U20: https://drive.google.com/uc?export=view&id=1HltMRknLc5wf8RQ3Hm5S4FEQBoFepq3v | X20: FATIMAH BINTI SHOKARI | Y20: fatimahshokari@gmail.com | AA20: TA0112 | AC20: AKTIF | AD20: MUHAMMAD SYAZWI BIN KHUSAIRI | AE20: JURUTERA AWAM, J9 | AF20: https://drive.google.com/file/d/1WQ-UxposFtrKzeteUeprXRTgHFwqUh8E/view?usp=drivesdk | AG20: https://drive.google.com/file/d/1higsIKBDMSqR5wytlOMo2TtMpXaZx1Zr/view?usp=drivesdk | AH20: msyazwik@gmail.com | AJ20: https://drive.google.com/file/d/1higsIKBDMSqR5wytlOMo2TtMpXaZx1Zr/view?usp=drivesdk | AK20: https://drive.google.com/file/d/1lSxOH3TgydItk1ONw4H5IGH9lwwl9-NS/view?usp=drivesdk | AL20: PENOLONG PEGAWAI SENIBINA JA5
A21: 45846.433 | B21: BINAAN LUAR | C21: Walkway/Pedestrian/Footpath | D21: LT01.15 - STREET LIGHT TYPE 15 SCHREDER HESTIA LED WITH ATTACHED ELEMENTS (SINGLE LAMP) | E21: {=IFERROR(XLOOKUP(D21, MASTER_KOMPONEN!A:A, MASTER_KOMPONEN!G:G, ""), "")} -> STREET LIGHTING | F21: 305 | G21: E | H21: 14 | I21: 11 | J21: ARAS LANTAI | K21: 00 | L21: ROL P7 - ZON 5 | M21: 05 | N21: 1 | O21: 0003 | P21: 0003 | Q21: E1411.0003-0003 | R21: 1101164MYS.140005.BG0002.TA0112.01.00.05.305 | S21: 101.69496 | T21: 3.1470254 | U21: https://drive.google.com/uc?export=view&id=1MEmEsyzrlwamdM9VUsl08djww5cdDjI6 | X21: FATIMAH BINTI SHOKARI | Y21: fatimahshokari@gmail.com | AA21: TA0112 | AC21: AKTIF | AD21: MUHAMMAD SYAZWI BIN KHUSAIRI | AE21: JURUTERA AWAM, J9 | AF21: https://drive.google.com/file/d/1WQ-UxposFtrKzeteUeprXRTgHFwqUh8E/view?usp=drivesdk | AG21: https://drive.google.com/file/d/1higsIKBDMSqR5wytlOMo2TtMpXaZx1Zr/view?usp=drivesdk | AH21: msyazwik@gmail.com | AJ21: https://drive.google.com/file/d/1higsIKBDMSqR5wytlOMo2TtMpXaZx1Zr/view?usp=drivesdk | AK21: https://drive.google.com/file/d/1XPwH23fQQVlUdzYKMOEkVoZWnbHsbdXO/view?usp=drivesdk | AL21: PENOLONG PEGAWAI SENIBINA JA5
A22: 45846.436 | B22: BINAAN LUAR | C22: Walkway/Pedestrian/Footpath | D22: FF05.3– BOLLARD TYPE 03 FIXED | E22: {=IFERROR(XLOOKUP(D22, MASTER_KOMPONEN!A:A, MASTER_KOMPONEN!G:G, ""), "")} -> BOLLARD | F22: 253 | G22: A | H22: 9 | I22: 1 | J22: ARAS LANTAI | K22: 00 | L22: ROL P7 - ZON 5 | M22: 05 | N22: 2 | O22: 0001 | P22: 0002 | Q22: A0901.0001-0002 | R22: 1101164MYS.140005.BG0002.TA0112.02.00.05.253 | S22: 101.69487 | T22: 3.1471073 | U22: https://drive.google.com/uc?export=view&id=1THbURAWn3RMEaidlIFWc820nVOi6b6Td | X22: Elyas Mohd Jarami | Y22: elyasdbkl@gmail.com | AA22: TA0112 | AC22: AKTIF | AD22: MUHAMMAD SYAZWI BIN KHUSAIRI | AE22: JURUTERA AWAM, J9 | AF22: https://drive.google.com/file/d/1E6VTZ7moulozcuoRPyeRytD7IVH9Y7zq/view?usp=drivesdk | AG22: https://drive.google.com/file/d/1higsIKBDMSqR5wytlOMo2TtMpXaZx1Zr/view?usp=drivesdk | AH22: msyazwik@gmail.com | AJ22: https://drive.google.com/file/d/1higsIKBDMSqR5wytlOMo2TtMpXaZx1Zr/view?usp=drivesdk | AK22: https://drive.google.com/file/d/1U875RcDdQcL8CgrLS91xD5ciJVIQayyG/view?usp=drivesdk | AL22: Arkitek
A23: 45846.438 | B23: BINAAN LUAR | C23: Walkway/Pedestrian/Footpath | D23: LT01.15 - STREET LIGHT TYPE 15 SCHREDER HESTIA LED WITH ATTACHED ELEMENTS (SINGLE LAMP) | E23: {=IFERROR(XLOOKUP(D23, MASTER_KOMPONEN!A:A, MASTER_KOMPONEN!G:G, ""), "")} -> STREET LIGHTING | F23: 305 | G23: E | H23: 14 | I23: 11 | J23: ARAS LANTAI | K23: 00 | L23: ROL P7 - ZON 5 | M23: 05 | N23: 1 | O23: 0004 | P23: 0004 | Q23: E1411.0004-0004 | R23: 1101164MYS.140005.BG0002.TA0112.01.00.05.305 | S23: 101.69498 | T23: 3.1470037 | U23: https://drive.google.com/uc?export=view&id=19XfhIEnXkWDVzt_w56Jtz_6dpcHiHw6Z | X23: Elyas Mohd Jarami | Y23: elyasdbkl@gmail.com | AA23: TA0112 | AC23: AKTIF | AD23: MUHAMMAD SYAZWI BIN KHUSAIRI | AE23: JURUTERA AWAM, J9 | AF23: https://drive.google.com/file/d/1E6VTZ7moulozcuoRPyeRytD7IVH9Y7zq/view?usp=drivesdk | AG23: https://drive.google.com/file/d/1higsIKBDMSqR5wytlOMo2TtMpXaZx1Zr/view?usp=drivesdk | AH23: msyazwik@gmail.com | AJ23: https://drive.google.com/file/d/1higsIKBDMSqR5wytlOMo2TtMpXaZx1Zr/view?usp=drivesdk | AK23: https://drive.google.com/file/d/15kK-FHqTAcL2qEsUZJxRIX3U34zrTX2W/view?usp=drivesdk | AL23: Arkitek
A24: 45846.439 | B24: BINAAN LUAR | C24: Walkway/Pedestrian/Footpath | D24: SG03B – PEDESTRIAN DIRECTIONAL TOTEM | E24: {=IFERROR(XLOOKUP(D24, MASTER_KOMPONEN!A:A, MASTER_KOMPONEN!G:G, ""), "")} -> SIGNAGE | F24: 278 | G24: A | H24: 8 | I24: 7 | J24: ARAS LANTAI | K24: 00 | L24: ROL P7 - ZON 5 | M24: 05 | N24: 1 | O24: 0002 | P24: 0002 | Q24: A0807.0002-0002 | R24: 1101164MYS.140005.BG0002.TA0112.01.00.05.278 | S24: 101.6948 | T24: 3.1471585 | U24: https://drive.google.com/uc?export=view&id=1ImJPokNy2nayuh7LC78B3poCZZ_Lx5bv | X24: FATIMAH BINTI SHOKARI | Y24: fatimahshokari@gmail.com | AA24: TA0112 | AC24: AKTIF | AD24: MUHAMMAD SYAZWI BIN KHUSAIRI | AE24: JURUTERA AWAM, J9 | AF24: https://drive.google.com/file/d/1WQ-UxposFtrKzeteUeprXRTgHFwqUh8E/view?usp=drivesdk | AG24: https://drive.google.com/file/d/1higsIKBDMSqR5wytlOMo2TtMpXaZx1Zr/view?usp=drivesdk | AH24: msyazwik@gmail.com | AJ24: https://drive.google.com/file/d/1higsIKBDMSqR5wytlOMo2TtMpXaZx1Zr/view?usp=drivesdk | AK24: https://drive.google.com/file/d/1v_LhzCez7G85MFBnc08YzUoFRW9DAXMG/view?usp=drivesdk | AL24: PENOLONG PEGAWAI SENIBINA JA5
A25: 45846.442 | B25: BINAAN LUAR | C25: Walkway/Pedestrian/Footpath | D25: LT01.15 - STREET LIGHT TYPE 15 SCHREDER HESTIA LED WITH ATTACHED ELEMENTS (SINGLE LAMP) | E25: {=IFERROR(XLOOKUP(D25, MASTER_KOMPONEN!A:A, MASTER_KOMPONEN!G:G, ""), "")} -> STREET LIGHTING | F25: 305 | G25: E | H25: 14 | I25: 11 | J25: ARAS LANTAI | K25: 00 | L25: ROL P7 - ZON 5 | M25: 05 | N25: 1 | O25: 0005 | P25: 0005 | Q25: E1411.0005-0005 | R25: 1101164MYS.140005.BG0002.TA0112.01.00.05.305 | S25: 101.69516 | T25: 3.1469966 | U25: https://drive.google.com/uc?export=view&id=1fFQv9bewcsSgxbEwTL3Yk_p9A3-lXya8 | X25: FATIMAH BINTI SHOKARI | Y25: fatimahshokari@gmail.com | AA25: TA0112 | AC25: AKTIF | AD25: MUHAMMAD SYAZWI BIN KHUSAIRI | AE25: JURUTERA AWAM, J9 | AF25: https://drive.google.com/file/d/1WQ-UxposFtrKzeteUeprXRTgHFwqUh8E/view?usp=drivesdk | AG25: https://drive.google.com/file/d/1higsIKBDMSqR5wytlOMo2TtMpXaZx1Zr/view?usp=drivesdk | AH25: msyazwik@gmail.com | AJ25: https://drive.google.com/file/d/1higsIKBDMSqR5wytlOMo2TtMpXaZx1Zr/view?usp=drivesdk | AK25: https://drive.google.com/file/d/1J2xk_B1hx2T3QUPl9yuElRuRNoQgrrn0/view?usp=drivesdk | AL25: PENOLONG PEGAWAI SENIBINA JA5
A26: 45846.445 | B26: BINAAN LUAR | C26: Walkway/Pedestrian/Footpath | D26: LT01.15 - STREET LIGHT TYPE 15 SCHREDER HESTIA LED WITH ATTACHED ELEMENTS (SINGLE LAMP) | E26: {=IFERROR(XLOOKUP(D26, MASTER_KOMPONEN!A:A, MASTER_KOMPONEN!G:G, ""), "")} -> STREET LIGHTING | F26: 305 | G26: E | H26: 14 | I26: 11 | J26: ARAS LANTAI | K26: 00 | L26: ROL P7 - ZON 5 | M26: 05 | N26: 1 | O26: 0006 | P26: 0006 | Q26: E1411.0006-0006 | R26: 1101164MYS.140005.BG0002.TA0112.01.00.05.305 | S26: 101.69528 | T26: 3.1469352 | U26: https://drive.google.com/uc?export=view&id=19gZpYk7NU3c3ZA1opSli56E0yJABAjMI | X26: FATIMAH BINTI SHOKARI | Y26: fatimahshokari@gmail.com | AA26: TA0112 | AC26: AKTIF | AD26: MUHAMMAD SYAZWI BIN KHUSAIRI | AE26: JURUTERA AWAM, J9 | AF26: https://drive.google.com/file/d/1WQ-UxposFtrKzeteUeprXRTgHFwqUh8E/view?usp=drivesdk | AG26: https://drive.google.com/file/d/1higsIKBDMSqR5wytlOMo2TtMpXaZx1Zr/view?usp=drivesdk | AH26: msyazwik@gmail.com | AJ26: https://drive.google.com/file/d/1higsIKBDMSqR5wytlOMo2TtMpXaZx1Zr/view?usp=drivesdk | AK26: https://drive.google.com/file/d/1RrpKO3HLBDnH4ylE6FwYH6XmcroU2hsd/view?usp=drivesdk | AL26: PENOLONG PEGAWAI SENIBINA JA5
A27: 45846.445 | B27: BINAAN LUAR | C27: Walkway/Pedestrian/Footpath | D27: SG03C – PEDESTRIAN DIRECTIONAL TRAIL MARKER | E27: {=IFERROR(XLOOKUP(D27, MASTER_KOMPONEN!A:A, MASTER_KOMPONEN!G:G, ""), "")} -> SIGNAGE | F27: 279 | G27: A | H27: 8 | I27: 7 | J27: ARAS LANTAI | K27: 00 | L27: ROL P7 - ZON 5 | M27: 05 | N27: 1 | O27: 0001 | P27: 0001 | Q27: A0807.0001-0001 | R27: 1101164MYS.140005.BG0002.TA0112.01.00.05.279 | S27: 101.69518 | T27: 3.145710443501332, | U27: https://drive.google.com/uc?export=view&id=1dn9SresCOXgzJgFZ086tJAULIU1dpS5q | X27: Elyas Mohd Jarami | Y27: elyasdbkl@gmail.com | AA27: TA0112 | AC27: AKTIF | AD27: MUHAMMAD SYAZWI BIN KHUSAIRI | AE27: JURUTERA AWAM, J9 | AF27: https://drive.google.com/file/d/1E6VTZ7moulozcuoRPyeRytD7IVH9Y7zq/view?usp=drivesdk | AG27: https://drive.google.com/file/d/1higsIKBDMSqR5wytlOMo2TtMpXaZx1Zr/view?usp=drivesdk | AH27: msyazwik@gmail.com | AJ27: https://drive.google.com/file/d/1higsIKBDMSqR5wytlOMo2TtMpXaZx1Zr/view?usp=drivesdk | AK27: https://drive.google.com/file/d/155mkHkjTdfhOQjWnJO21KWCJLD3w4JHb/view?usp=drivesdk | AL27: Arkitek
A28: 45846.447 | B28: BINAAN LUAR | C28: Walkway/Pedestrian/Footpath | D28: SG03C – PEDESTRIAN DIRECTIONAL TRAIL MARKER | E28: {=IFERROR(XLOOKUP(D28, MASTER_KOMPONEN!A:A, MASTER_KOMPONEN!G:G, ""), "")} -> SIGNAGE | F28: 279 | G28: A | H28: 8 | I28: 7 | J28: ARAS LANTAI | K28: 00 | L28: ROL P7 - ZON 5 | M28: 05 | N28: 1 | O28: 0002 | P28: 0002 | Q28: A0807.0002-0002 | R28: 1101164MYS.140005.BG0002.TA0112.01.00.05.279 | S28: 101.69522 | T28: 3.147036 | U28: https://drive.google.com/uc?export=view&id=1Yn4_oSyYMtUMMYcJfPfRHPkkiADtWJVa | X28: Elyas Mohd Jarami | Y28: elyasdbkl@gmail.com | AA28: TA0112 | AC28: AKTIF | AD28: MUHAMMAD SYAZWI BIN KHUSAIRI | AE28: JURUTERA AWAM, J9 | AF28: https://drive.google.com/file/d/1E6VTZ7moulozcuoRPyeRytD7IVH9Y7zq/view?usp=drivesdk | AG28: https://drive.google.com/file/d/1higsIKBDMSqR5wytlOMo2TtMpXaZx1Zr/view?usp=drivesdk | AH28: msyazwik@gmail.com | AJ28: https://drive.google.com/file/d/1higsIKBDMSqR5wytlOMo2TtMpXaZx1Zr/view?usp=drivesdk | AK28: https://drive.google.com/file/d/1A5vyqHjUl1E2va-NaE0ksWbwHJ7fhkqi/view?usp=drivesdk | AL28: Arkitek
A29: 45846.449 | B29: BINAAN LUAR | C29: Landscape | D29: BOX UP | E29: {=IFERROR(XLOOKUP(D29, MASTER_KOMPONEN!A:A, MASTER_KOMPONEN!G:G, ""), "")} -> WALL FINISHES | F29: 274 | G29: A | H29: 9 | I29: 1 | J29: ARAS LANTAI | K29: 00 | L29: ROL P7 - ZON 5 | M29: 05 | N29: 58 | O29: 0001 | P29: 0058 | Q29: A0901.0001-0058 | R29: 1101164MYS.140005.BG0002.BG0410.58.00.05.274 | S29: 101.69517 | T29: 3.147041531896207, | U29: https://drive.google.com/uc?export=view&id=1PEhUV52CS6WVQG7SCP8yf0N73WbmhJ-F | X29: KHAIRUL HAMADI BIN ABDULLAH SANI | Y29: khairulhamadi@gmail.com | AA29: BG0410 | AC29: AKTIF | AD29: MUHAMMAD SYAZWI BIN KHUSAIRI | AE29: JURUTERA AWAM, J9 | AF29: https://drive.google.com/file/d/1TwH8ac0vamZjpCm2V8YFMwD9gEeTvIU_/view?usp=drivesdk | AG29: https://drive.google.com/file/d/1higsIKBDMSqR5wytlOMo2TtMpXaZx1Zr/view?usp=drivesdk | AH29: msyazwik@gmail.com | AJ29: https://drive.google.com/file/d/1higsIKBDMSqR5wytlOMo2TtMpXaZx1Zr/view?usp=drivesdk | AK29: https://drive.google.com/file/d/1KcPCX3oicwLtkrM7JV-1M1sYaGSEWmZY/view?usp=drivesdk | AL29: PENOLONG PEGAWAI SENIBINA
A30: 45846.45 | B30: BINAAN LUAR | C30: Walkway/Pedestrian/Footpath | D30: LT04.1 - UPLIGHT TYPE 01 IGUZZINI | E30: {=IFERROR(XLOOKUP(D30, MASTER_KOMPONEN!A:A, MASTER_KOMPONEN!G:G, ""), "")} -> WALKWAY LIGHTING | F30: 322 | G30: E | H30: 14 | I30: 11 | J30: ARAS LANTAI | K30: 00 | L30: ROL P7 - ZON 5 | M30: 05 | N30: 3 | O30: 0001 | P30: 0003 | Q30: E1411.0001-0003 | R30: 1101164MYS.140005.BG0002.TA0112.03.00.05.322 | S30: 101.69519 | T30: 3.1468821 | U30: https://drive.google.com/uc?export=view&id=1uaxwkD66gONuTLZDS_s2_p5xIJZvyQOE | X30: Elyas Mohd Jarami | Y30: elyasdbkl@gmail.com | AA30: TA0112 | AC30: AKTIF | AD30: MUHAMMAD SYAZWI BIN KHUSAIRI | AE30: JURUTERA AWAM, J9 | AF30: https://drive.google.com/file/d/1E6VTZ7moulozcuoRPyeRytD7IVH9Y7zq/view?usp=drivesdk | AG30: https://drive.google.com/file/d/1higsIKBDMSqR5wytlOMo2TtMpXaZx1Zr/view?usp=drivesdk | AH30: msyazwik@gmail.com | AJ30: https://drive.google.com/file/d/1higsIKBDMSqR5wytlOMo2TtMpXaZx1Zr/view?usp=drivesdk | AK30: https://drive.google.com/file/d/1Ywulpp3A_WQsfbo8DiyZLCC_SnEHCZoZ/view?usp=drivesdk | AL30: Arkitek
A31: 45846.452 | B31: BINAAN LUAR | C31: Walkway/Pedestrian/Footpath | D31: LT04.1 - UPLIGHT TYPE 01 IGUZZINI | E31: {=IFERROR(XLOOKUP(D31, MASTER_KOMPONEN!A:A, MASTER_KOMPONEN!G:G, ""), "")} -> WALKWAY LIGHTING | F31: 322 | G31: E | H31: 14 | I31: 11 | J31: ARAS LANTAI | K31: 00 | L31: ROL P7 - ZON 5 | M31: 05 | N31: 3 | O31: 0004 | P31: 0006 | Q31: E1411.0004-0006 | R31: 1101164MYS.140005.BG0002.TA0112.03.00.05.322 | S31: 101.69509 | T31: 3.1469294 | U31: https://drive.google.com/uc?export=view&id=1ZZXNTFyeA4NfJJy5vLtO-X-u3x7mdKJW | X31: Elyas Mohd Jarami | Y31: elyasdbkl@gmail.com | AA31: TA0112 | AC31: AKTIF | AD31: MUHAMMAD SYAZWI BIN KHUSAIRI | AE31: JURUTERA AWAM, J9 | AF31: https://drive.google.com/file/d/1E6VTZ7moulozcuoRPyeRytD7IVH9Y7zq/view?usp=drivesdk | AG31: https://drive.google.com/file/d/1higsIKBDMSqR5wytlOMo2TtMpXaZx1Zr/view?usp=drivesdk | AH31: msyazwik@gmail.com | AJ31: https://drive.google.com/file/d/1higsIKBDMSqR5wytlOMo2TtMpXaZx1Zr/view?usp=drivesdk | AK31: https://drive.google.com/file/d/1xjKRNTsSMRgkkPVxyo4s_RiSztZmr-91/view?usp=drivesdk | AL31: Arkitek
A32: 45846.452 | B32: BINAAN LUAR | C32: Walkway/Pedestrian/Footpath | D32: LT02.2 - PEDESTRIAN LIGHT TYPE 02 IGUZZINI CUSTOM DESIGN (SINGLE SIDE) | E32: {=IFERROR(XLOOKUP(D32, MASTER_KOMPONEN!A:A, MASTER_KOMPONEN!G:G, ""), "")} -> WALKWAY LIGHTING | F32: 311 | G32: E | H32: 14 | I32: 10 | J32: ARAS LANTAI | K32: 00 | L32: ROL P7 - ZON 5 | M32: 05 | N32: 2 | O32: 0001 | P32: 0002 | Q32: E1410.0001-0002 | R32: 1101164MYS.140005.BG0002.TA0112.02.00.05.311 | S32: 101.69526 | T32: 3.1466203 | U32: https://drive.google.com/uc?export=view&id=1hFze4kXDf9yU0fFvEMqUX4PVDMcNe27T | X32: FATIMAH BINTI SHOKARI | Y32: fatimahshokari@gmail.com | AA32: TA0112 | AC32: AKTIF | AD32: MUHAMMAD SYAZWI BIN KHUSAIRI | AE32: JURUTERA AWAM, J9 | AF32: https://drive.google.com/file/d/1WQ-UxposFtrKzeteUeprXRTgHFwqUh8E/view?usp=drivesdk | AG32: https://drive.google.com/file/d/1higsIKBDMSqR5wytlOMo2TtMpXaZx1Zr/view?usp=drivesdk | AH32: msyazwik@gmail.com | AJ32: https://drive.google.com/file/d/1higsIKBDMSqR5wytlOMo2TtMpXaZx1Zr/view?usp=drivesdk | AK32: https://drive.google.com/file/d/1DgnuA92m5jNB4sQRzIhs0bopmWrLNWgj/view?usp=drivesdk | AL32: PENOLONG PEGAWAI SENIBINA JA5
A33: 45846.452 | B33: BINAAN LUAR | C33: Walkway/Pedestrian/Footpath | D33: SINAGE - GUIDING LIGHT | E33: {=IFERROR(XLOOKUP(D33, MASTER_KOMPONEN!A:A, MASTER_KOMPONEN!G:G, ""), "")} -> SIGNAGE | F33: 287 | G33: A | H33: 8 | I33: 7 | J33: ARAS LANTAI | K33: 00 | L33: ROL P7 - ZON 5 | M33: 05 | N33: 1 | O33: 0001 | P33: 0001 | Q33: A0807.0001-0001 | R33: 1101164MYS.140005.BG0002.TA0112.01.00.05.287 | S33: 101.69519 | T33: 3.147084804952085, | U33: https://drive.google.com/uc?export=view&id=1jTmeDQw4azlYrchBArp5MVO1o1aPXIc4 | X33: KHAIRUL HAMADI BIN ABDULLAH SANI | Y33: khairulhamadi@gmail.com | AA33: TA0112 | AC33: AKTIF | AD33: MUHAMMAD SYAZWI BIN KHUSAIRI | AE33: JURUTERA AWAM, J9 | AF33: https://drive.google.com/file/d/1TwH8ac0vamZjpCm2V8YFMwD9gEeTvIU_/view?usp=drivesdk | AG33: https://drive.google.com/file/d/1higsIKBDMSqR5wytlOMo2TtMpXaZx1Zr/view?usp=drivesdk | AH33: msyazwik@gmail.com | AJ33: https://drive.google.com/file/d/1higsIKBDMSqR5wytlOMo2TtMpXaZx1Zr/view?usp=drivesdk | AK33: https://drive.google.com/file/d/10u2aSY2gBjOdeUhfAj-38IIsIVxUV_Xv/view?usp=drivesdk | AL33: PENOLONG PEGAWAI SENIBINA
A34: 45846.455 | B34: BINAAN LUAR | C34: Walkway/Pedestrian/Footpath | D34: LT04.1 - UPLIGHT TYPE 01 IGUZZINI | E34: {=IFERROR(XLOOKUP(D34, MASTER_KOMPONEN!A:A, MASTER_KOMPONEN!G:G, ""), "")} -> WALKWAY LIGHTING | F34: 322 | G34: E | H34: 14 | I34: 11 | J34: ARAS LANTAI | K34: 00 | L34: ROL P7 - ZON 5 | M34: 05 | N34: 1 | O34: 0007 | P34: 0007 | Q34: E1411.0007-0007 | R34: 1101164MYS.140005.BG0002.TA0112.01.00.05.322 | S34: 101.695 | T34: 3.146992 | U34: https://drive.google.com/uc?export=view&id=1auGH_epA-QvjTbBiHVRTgyh4Vc9Mjr02 | X34: Elyas Mohd Jarami | Y34: elyasdbkl@gmail.com | AA34: TA0112 | AC34: AKTIF | AD34: MUHAMMAD SYAZWI BIN KHUSAIRI | AE34: JURUTERA AWAM, J9 | AF34: https://drive.google.com/file/d/1E6VTZ7moulozcuoRPyeRytD7IVH9Y7zq/view?usp=drivesdk | AG34: https://drive.google.com/file/d/1higsIKBDMSqR5wytlOMo2TtMpXaZx1Zr/view?usp=drivesdk | AH34: msyazwik@gmail.com | AJ34: https://drive.google.com/file/d/1higsIKBDMSqR5wytlOMo2TtMpXaZx1Zr/view?usp=drivesdk | AK34: https://drive.google.com/file/d/15EaAz2XHzJQoUY3xg7jQ9bxMFfKGhGL9/view?usp=drivesdk | AL34: Arkitek
A35: 45846.455 | B35: BINAAN LUAR | C35: Walkway/Pedestrian/Footpath | D35: LT02.2 - PEDESTRIAN LIGHT TYPE 02 IGUZZINI CUSTOM DESIGN (SINGLE SIDE) | E35: {=IFERROR(XLOOKUP(D35, MASTER_KOMPONEN!A:A, MASTER_KOMPONEN!G:G, ""), "")} -> WALKWAY LIGHTING | F35: 311 | G35: E | H35: 14 | I35: 10 | J35: ARAS LANTAI | K35: 00 | L35: ROL P7 - ZON 5 | M35: 05 | N35: 2 | O35: 0003 | P35: 0004 | Q35: E1410.0003-0004 | R35: 1101164MYS.140005.BG0002.TA0112.02.00.05.311 | S35: 101.69515 | T35: 3.146215 | U35: https://drive.google.com/uc?export=view&id=1JzVpja5baXZy88PJT76nSAkZ8eatKQVI | X35: FATIMAH BINTI SHOKARI | Y35: fatimahshokari@gmail.com | AA35: TA0112 | AC35: AKTIF | AD35: MUHAMMAD SYAZWI BIN KHUSAIRI | AE35: JURUTERA AWAM, J9 | AF35: https://drive.google.com/file/d/1WQ-UxposFtrKzeteUeprXRTgHFwqUh8E/view?usp=drivesdk | AG35: https://drive.google.com/file/d/1higsIKBDMSqR5wytlOMo2TtMpXaZx1Zr/view?usp=drivesdk | AH35: msyazwik@gmail.com | AJ35: https://drive.google.com/file/d/1higsIKBDMSqR5wytlOMo2TtMpXaZx1Zr/view?usp=drivesdk | AK35: https://drive.google.com/file/d/1gJ5o6OwyP-zRMmt2x-gb8KoWmsHgZXZi/view?usp=drivesdk | AL35: PENOLONG PEGAWAI SENIBINA JA5
A36: 45846.456 | B36: BINAAN LUAR | C36: Walkway/Pedestrian/Footpath | D36: LT04.1 - UPLIGHT TYPE 01 IGUZZINI | E36: {=IFERROR(XLOOKUP(D36, MASTER_KOMPONEN!A:A, MASTER_KOMPONEN!G:G, ""), "")} -> WALKWAY LIGHTING | F36: 322 | G36: E | H36: 14 | I36: 11 | J36: ARAS LANTAI | K36: 00 | L36: ROL P7 - ZON 5 | M36: 05 | N36: 1 | O36: 0008 | P36: 0008 | Q36: E1411.0008-0008 | R36: 1101164MYS.140005.BG0002.TA0112.01.00.05.322 | S36: 101.69503 | T36: 3.1469038 | U36: https://drive.google.com/uc?export=view&id=1q5QZ4UD5O4twY4kNesrcNkN1H6J2WAkd | Y36: muhamadazmibinyusuf@gmail.com | AA36: TA0112 | AC36: AKTIF | AD36: MUHAMMAD SYAZWI BIN KHUSAIRI | AE36: JURUTERA AWAM, J9 | AG36: https://drive.google.com/file/d/1higsIKBDMSqR5wytlOMo2TtMpXaZx1Zr/view?usp=drivesdk | AH36: msyazwik@gmail.com | AJ36: https://drive.google.com/file/d/1higsIKBDMSqR5wytlOMo2TtMpXaZx1Zr/view?usp=drivesdk | AK36: https://drive.google.com/file/d/1A4fwzYjkGXE06Ar8qAwcPEc-MHe3QGnR/view?usp=drivesdk
A37: 45846.457 | B37: BINAAN LUAR | C37: Landscape | D37: FF02.1– PLANTER SEAT TYPE 01 WITHOUT BACKREST | E37: {=IFERROR(XLOOKUP(D37, MASTER_KOMPONEN!A:A, MASTER_KOMPONEN!G:G, ""), "")} -> BENCHES | F37: 242 | G37: A | H37: 9 | I37: 1 | J37: ARAS LANTAI | K37: 00 | L37: ROL P7 - ZON 5 | M37: 05 | N37: 1 | O37: 0001 | P37: 0001 | Q37: A0901.0001-0001 | R37: 1101164MYS.140005.BG0002.BG0410.01.00.05.242 | S37: 101.69512 | T37: 3.147084804952085, | U37: https://drive.google.com/uc?export=view&id=1-X0TalzEq034swYF_vgEExBTu_W1cVAL | X37: KHAIRUL HAMADI BIN ABDULLAH SANI | Y37: khairulhamadi@gmail.com | AA37: BG0410 | AC37: AKTIF | AD37: MUHAMMAD SYAZWI BIN KHUSAIRI | AE37: JURUTERA AWAM, J9 | AF37: https://drive.google.com/file/d/1TwH8ac0vamZjpCm2V8YFMwD9gEeTvIU_/view?usp=drivesdk | AG37: https://drive.google.com/file/d/1higsIKBDMSqR5wytlOMo2TtMpXaZx1Zr/view?usp=drivesdk | AH37: msyazwik@gmail.com | AJ37: https://drive.google.com/file/d/1higsIKBDMSqR5wytlOMo2TtMpXaZx1Zr/view?usp=drivesdk | AK37: https://drive.google.com/file/d/1pGAJPgWFgQNBMbRtYqwRrTIDYU1cm03G/view?usp=drivesdk | AL37: PENOLONG PEGAWAI SENIBINA
A38: 45846.457 | B38: BINAAN LUAR | C38: Walkway/Pedestrian/Footpath | D38: LT02.2 - PEDESTRIAN LIGHT TYPE 02 IGUZZINI CUSTOM DESIGN (SINGLE SIDE) | E38: {=IFERROR(XLOOKUP(D38, MASTER_KOMPONEN!A:A, MASTER_KOMPONEN!G:G, ""), "")} -> WALKWAY LIGHTING | F38: 311 | G38: E | H38: 14 | I38: 10 | J38: ARAS LANTAI | K38: 00 | L38: ROL P7 - ZON 5 | M38: 05 | N38: 2 | O38: 0005 | P38: 0006 | Q38: E1410.0005-0006 | R38: 1101164MYS.140005.BG0002.TA0112.02.00.05.311 | S38: 101.69515 | T38: 3.146215 | U38: https://drive.google.com/uc?export=view&id=1l-Gj25YhNJStdreobPXJFblwuRyeS9rl | X38: FATIMAH BINTI SHOKARI | Y38: fatimahshokari@gmail.com | AA38: TA0112 | AC38: AKTIF | AD38: MUHAMMAD SYAZWI BIN KHUSAIRI | AE38: JURUTERA AWAM, J9 | AF38: https://drive.google.com/file/d/1WQ-UxposFtrKzeteUeprXRTgHFwqUh8E/view?usp=drivesdk | AG38: https://drive.google.com/file/d/1higsIKBDMSqR5wytlOMo2TtMpXaZx1Zr/view?usp=drivesdk | AH38: msyazwik@gmail.com | AJ38: https://drive.google.com/file/d/1higsIKBDMSqR5wytlOMo2TtMpXaZx1Zr/view?usp=drivesdk | AK38: https://drive.google.com/file/d/1TFgb2JYNd8j68DFttwbheU8PsYyed4TF/view?usp=drivesdk | AL38: PENOLONG PEGAWAI SENIBINA JA5
A39: 45846.457 | B39: BINAAN LUAR | C39: Walkway/Pedestrian/Footpath | D39: LT04.1 - UPLIGHT TYPE 01 IGUZZINI | E39: {=IFERROR(XLOOKUP(D39, MASTER_KOMPONEN!A:A, MASTER_KOMPONEN!G:G, ""), "")} -> WALKWAY LIGHTING | F39: 322 | G39: E | H39: 14 | I39: 11 | J39: ARAS LANTAI | K39: 00 | L39: ROL P7 - ZON 5 | M39: 05 | N39: 1 | O39: 0009 | P39: 0009 | Q39: E1411.0009-0009 | R39: 1101164MYS.140005.BG0002.TA0112.01.00.05.322 | S39: 101.69504 | T39: 3.1469503 | U39: https://drive.google.com/uc?export=view&id=1cKOWZhDJzpX_HCtNzgoPfr36qAELWitV | X39: Elyas Mohd Jarami | Y39: elyasdbkl@gmail.com | AA39: TA0112 | AC39: AKTIF | AD39: MUHAMMAD SYAZWI BIN KHUSAIRI | AE39: JURUTERA AWAM, J9 | AF39: https://drive.google.com/file/d/1E6VTZ7moulozcuoRPyeRytD7IVH9Y7zq/view?usp=drivesdk | AG39: https://drive.google.com/file/d/1higsIKBDMSqR5wytlOMo2TtMpXaZx1Zr/view?usp=drivesdk | AH39: msyazwik@gmail.com | AJ39: https://drive.google.com/file/d/1higsIKBDMSqR5wytlOMo2TtMpXaZx1Zr/view?usp=drivesdk | AK39: https://drive.google.com/file/d/1zgVR_LrcTK_vYA6h_H3nEcM9JU2viUzv/view?usp=drivesdk | AL39: Arkitek
A40: 45846.458 | B40: BINAAN LUAR | C40: Walkway/Pedestrian/Footpath | D40: LT04.1 - UPLIGHT TYPE 01 IGUZZINI | E40: {=IFERROR(XLOOKUP(D40, MASTER_KOMPONEN!A:A, MASTER_KOMPONEN!G:G, ""), "")} -> WALKWAY LIGHTING | F40: 322 | G40: E | H40: 14 | I40: 11 | J40: ARAS LANTAI | K40: 00 | L40: ROL P7 - ZON 5 | M40: 05 | N40: 1 | O40: 0010 | P40: 0010 | Q40: E1411.0010-0010 | R40: 1101164MYS.140005.BG0002.TA0112.01.00.05.322 | S40: 101.69519 | T40: 3.1467943 | U40: https://drive.google.com/uc?export=view&id=11-J-AJhWze4PmoECo4zFIS5Vyk7D6s6L | X40: Elyas Mohd Jarami | Y40: elyasdbkl@gmail.com | AA40: TA0112 | AC40: AKTIF | AD40: MUHAMMAD SYAZWI BIN KHUSAIRI | AE40: JURUTERA AWAM, J9 | AF40: https://drive.google.com/file/d/1E6VTZ7moulozcuoRPyeRytD7IVH9Y7zq/view?usp=drivesdk | AG40: https://drive.google.com/file/d/1higsIKBDMSqR5wytlOMo2TtMpXaZx1Zr/view?usp=drivesdk | AH40: msyazwik@gmail.com | AJ40: https://drive.google.com/file/d/1higsIKBDMSqR5wytlOMo2TtMpXaZx1Zr/view?usp=drivesdk | AK40: https://drive.google.com/file/d/1ORDyFUHYNvmkexPZGgMM1uDIBnfFWy_d/view?usp=drivesdk | AL40: Arkitek
A41: 45846.459 | B41: BINAAN LUAR | C41: Landscape | D41: FF02.1– PLANTER SEAT TYPE 01 WITHOUT BACKREST | E41: {=IFERROR(XLOOKUP(D41, MASTER_KOMPONEN!A:A, MASTER_KOMPONEN!G:G, ""), "")} -> BENCHES | F41: 242 | G41: A | H41: 9 | I41: 1 | J41: ARAS LANTAI | K41: 00 | L41: ROL P7 - ZON 5 | M41: 05 | N41: 1 | O41: 0002 | P41: 0002 | Q41: A0901.0002-0002 | R41: 1101164MYS.140005.BG0002.BG0410.01.00.05.242 | S41: 101.69475 | T41: 3.1436591772085714, | U41: https://drive.google.com/uc?export=view&id=1grm3XLJYTD45krkvS4r2klDGMdzH_ijP | X41: KHAIRUL HAMADI BIN ABDULLAH SANI | Y41: khairulhamadi@gmail.com | AA41: BG0410 | AC41: AKTIF | AD41: MUHAMMAD SYAZWI BIN KHUSAIRI | AE41: JURUTERA AWAM, J9 | AF41: https://drive.google.com/file/d/1TwH8ac0vamZjpCm2V8YFMwD9gEeTvIU_/view?usp=drivesdk | AG41: https://drive.google.com/file/d/1higsIKBDMSqR5wytlOMo2TtMpXaZx1Zr/view?usp=drivesdk | AH41: msyazwik@gmail.com | AJ41: https://drive.google.com/file/d/1higsIKBDMSqR5wytlOMo2TtMpXaZx1Zr/view?usp=drivesdk | AK41: https://drive.google.com/file/d/1NP3ouWl2AT2ZRiHKorBwHxlpB8iynTr0/view?usp=drivesdk | AL41: PENOLONG PEGAWAI SENIBINA
A42: 45846.459 | B42: BINAAN LUAR | C42: Walkway/Pedestrian/Footpath | D42: LT04.1 - UPLIGHT TYPE 01 IGUZZINI | E42: {=IFERROR(XLOOKUP(D42, MASTER_KOMPONEN!A:A, MASTER_KOMPONEN!G:G, ""), "")} -> WALKWAY LIGHTING | F42: 322 | G42: E | H42: 14 | I42: 11 | J42: ARAS LANTAI | K42: 00 | L42: ROL P7 - ZON 5 | M42: 05 | N42: 1 | O42: 0011 | P42: 0011 | Q42: E1411.0011-0011 | R42: 1101164MYS.140005.BG0002.TA0112.01.00.05.322 | S42: 101.69525 | T42: 3.1467007 | U42: https://drive.google.com/uc?export=view&id=1_T9hvAW6VuBJ5eXNgub_z2BACerPCEh2 | X42: Elyas Mohd Jarami | Y42: elyasdbkl@gmail.com | AA42: TA0112 | AC42: AKTIF | AD42: MUHAMMAD SYAZWI BIN KHUSAIRI | AE42: JURUTERA AWAM, J9 | AF42: https://drive.google.com/file/d/1E6VTZ7moulozcuoRPyeRytD7IVH9Y7zq/view?usp=drivesdk | AG42: https://drive.google.com/file/d/1higsIKBDMSqR5wytlOMo2TtMpXaZx1Zr/view?usp=drivesdk | AH42: msyazwik@gmail.com | AJ42: https://drive.google.com/file/d/1higsIKBDMSqR5wytlOMo2TtMpXaZx1Zr/view?usp=drivesdk | AK42: https://drive.google.com/file/d/1nO7swfZFBD-0Nh6piwlLNZr5_hmZO1qk/view?usp=drivesdk | AL42: Arkitek
A43: 45846.459 | B43: BINAAN LUAR | C43: Walkway/Pedestrian/Footpath | D43: LT02.2 - PEDESTRIAN LIGHT TYPE 02 IGUZZINI CUSTOM DESIGN (SINGLE SIDE) | E43: {=IFERROR(XLOOKUP(D43, MASTER_KOMPONEN!A:A, MASTER_KOMPONEN!G:G, ""), "")} -> WALKWAY LIGHTING | F43: 311 | G43: E | H43: 14 | I43: 10 | J43: ARAS LANTAI | K43: 00 | L43: ROL P7 - ZON 5 | M43: 05 | N43: 2 | O43: 0007 | P43: 0008 | Q43: E1410.0007-0008 | R43: 1101164MYS.140005.BG0002.TA0112.02.00.05.311 | S43: 101.69515 | T43: 3.146215 | U43: https://drive.google.com/uc?export=view&id=1wKQAhMVjb78NfLRYZYDYzIHC6ycYIu7n | X43: FATIMAH BINTI SHOKARI | Y43: fatimahshokari@gmail.com | AA43: TA0112 | AC43: AKTIF | AD43: MUHAMMAD SYAZWI BIN KHUSAIRI | AE43: JURUTERA AWAM, J9 | AF43: https://drive.google.com/file/d/1WQ-UxposFtrKzeteUeprXRTgHFwqUh8E/view?usp=drivesdk | AG43: https://drive.google.com/file/d/1higsIKBDMSqR5wytlOMo2TtMpXaZx1Zr/view?usp=drivesdk | AH43: msyazwik@gmail.com | AJ43: https://drive.google.com/file/d/1higsIKBDMSqR5wytlOMo2TtMpXaZx1Zr/view?usp=drivesdk | AK43: https://drive.google.com/file/d/1NGfEOTpJRnRkoRaL4yHqHK7ihZtbs2zh/view?usp=drivesdk | AL43: PENOLONG PEGAWAI SENIBINA JA5
A44: 45846.46 | B44: BINAAN LUAR | C44: Walkway/Pedestrian/Footpath | D44: LT04.1 - UPLIGHT TYPE 01 IGUZZINI | E44: {=IFERROR(XLOOKUP(D44, MASTER_KOMPONEN!A:A, MASTER_KOMPONEN!G:G, ""), "")} -> WALKWAY LIGHTING | F44: 322 | G44: E | H44: 14 | I44: 11 | J44: ARAS LANTAI | K44: 00 | L44: ROL P7 - ZON 5 | M44: 05 | N44: 1 | O44: 0012 | P44: 0012 | Q44: E1411.0012-0012 | R44: 1101164MYS.140005.BG0002.TA0112.01.00.05.322 | S44: 101.69506 | T44: 3.1467666 | U44: https://drive.google.com/uc?export=view&id=1SbBgpSmIFdHe6D5va1LCJF2yrYgTd9pn | X44: Elyas Mohd Jarami | Y44: elyasdbkl@gmail.com | AA44: TA0112 | AC44: AKTIF | AD44: MUHAMMAD SYAZWI BIN KHUSAIRI | AE44: JURUTERA AWAM, J9 | AF44: https://drive.google.com/file/d/1E6VTZ7moulozcuoRPyeRytD7IVH9Y7zq/view?usp=drivesdk | AG44: https://drive.google.com/file/d/1higsIKBDMSqR5wytlOMo2TtMpXaZx1Zr/view?usp=drivesdk | AH44: msyazwik@gmail.com | AJ44: https://drive.google.com/file/d/1higsIKBDMSqR5wytlOMo2TtMpXaZx1Zr/view?usp=drivesdk | AK44: https://drive.google.com/file/d/1DHBX4vFlizV8dMoFF4mIIWOHEY0L-mfG/view?usp=drivesdk | AL44: Arkitek
A45: 45846.461 | B45: BINAAN LUAR | C45: Walkway/Pedestrian/Footpath | D45: LT04.1 - UPLIGHT TYPE 01 IGUZZINI | E45: {=IFERROR(XLOOKUP(D45, MASTER_KOMPONEN!A:A, MASTER_KOMPONEN!G:G, ""), "")} -> WALKWAY LIGHTING | F45: 322 | G45: E | H45: 14 | I45: 11 | J45: ARAS LANTAI | K45: 00 | L45: ROL P7 - ZON 5 | M45: 05 | N45: 1 | O45: 0013 | P45: 0013 | Q45: E1411.0013-0013 | R45: 1101164MYS.140005.BG0002.TA0112.01.00.05.322 | S45: 101.69504 | T45: 3.1469379 | U45: https://drive.google.com/uc?export=view&id=11OL6XXN92RW3F407GhXlIzhUh9cXfxaZ | X45: Elyas Mohd Jarami | Y45: elyasdbkl@gmail.com | AA45: TA0112 | AC45: AKTIF | AD45: MUHAMMAD SYAZWI BIN KHUSAIRI | AE45: JURUTERA AWAM, J9 | AF45: https://drive.google.com/file/d/1E6VTZ7moulozcuoRPyeRytD7IVH9Y7zq/view?usp=drivesdk | AG45: https://drive.google.com/file/d/1higsIKBDMSqR5wytlOMo2TtMpXaZx1Zr/view?usp=drivesdk | AH45: msyazwik@gmail.com | AJ45: https://drive.google.com/file/d/1higsIKBDMSqR5wytlOMo2TtMpXaZx1Zr/view?usp=drivesdk | AK45: https://drive.google.com/file/d/1i3IB9eqAO26ClO4C1zYlATZu7VlI5lQO/view?usp=drivesdk | AL45: Arkitek
A46: 45846.462 | B46: BINAAN LUAR | C46: Walkway/Pedestrian/Footpath | D46: LT04.1 - UPLIGHT TYPE 01 IGUZZINI | E46: {=IFERROR(XLOOKUP(D46, MASTER_KOMPONEN!A:A, MASTER_KOMPONEN!G:G, ""), "")} -> WALKWAY LIGHTING | F46: 322 | G46: E | H46: 14 | I46: 11 | J46: ARAS LANTAI | K46: 00 | L46: ROL P7 - ZON 5 | M46: 05 | N46: 1 | O46: 0014 | P46: 0014 | Q46: E1411.0014-0014 | R46: 1101164MYS.140005.BG0002.TA0112.01.00.05.322 | S46: 101.6951 | T46: 3.1467145 | U46: https://drive.google.com/uc?export=view&id=1WxtCx3PBVOSEKWrOKjeC--h73orI0uIc | X46: Elyas Mohd Jarami | Y46: elyasdbkl@gmail.com | AA46: TA0112 | AC46: AKTIF | AD46: MUHAMMAD SYAZWI BIN KHUSAIRI | AE46: JURUTERA AWAM, J9 | AF46: https://drive.google.com/file/d/1E6VTZ7moulozcuoRPyeRytD7IVH9Y7zq/view?usp=drivesdk | AG46: https://drive.google.com/file/d/1higsIKBDMSqR5wytlOMo2TtMpXaZx1Zr/view?usp=drivesdk | AH46: msyazwik@gmail.com | AJ46: https://drive.google.com/file/d/1higsIKBDMSqR5wytlOMo2TtMpXaZx1Zr/view?usp=drivesdk | AK46: https://drive.google.com/file/d/1GjhXP7bP9cGqOH3hRLMDjLlzTVC1xWfF/view?usp=drivesdk | AL46: Arkitek
A47: 45846.463 | B47: BINAAN LUAR | C47: Walkway/Pedestrian/Footpath | D47: LT02.2 - PEDESTRIAN LIGHT TYPE 02 IGUZZINI CUSTOM DESIGN (SINGLE SIDE) | E47: {=IFERROR(XLOOKUP(D47, MASTER_KOMPONEN!A:A, MASTER_KOMPONEN!G:G, ""), "")} -> WALKWAY LIGHTING | F47: 311 | G47: E | H47: 14 | I47: 10 | J47: ARAS LANTAI | K47: 00 | L47: ROL P7 - ZON 5 | M47: 05 | N47: 4 | O47: 0009 | P47: 0012 | Q47: E1410.0009-0012 | R47: 1101164MYS.140005.BG0002.TA0112.04.00.05.311 | S47: 101.69459 | T47: 3.1461413 | U47: https://drive.google.com/uc?export=view&id=1ZsL1wDxSOQiXo255xI2fxrg1X45U54YB | X47: FATIMAH BINTI SHOKARI | Y47: fatimahshokari@gmail.com | AA47: TA0112 | AC47: AKTIF | AD47: MUHAMMAD SYAZWI BIN KHUSAIRI | AE47: JURUTERA AWAM, J9 | AF47: https://drive.google.com/file/d/1WQ-UxposFtrKzeteUeprXRTgHFwqUh8E/view?usp=drivesdk | AG47: https://drive.google.com/file/d/1higsIKBDMSqR5wytlOMo2TtMpXaZx1Zr/view?usp=drivesdk | AH47: msyazwik@gmail.com | AJ47: https://drive.google.com/file/d/1higsIKBDMSqR5wytlOMo2TtMpXaZx1Zr/view?usp=drivesdk | AK47: https://drive.google.com/file/d/1jO38V4DPA9x_iWIiWegD4Vo7ZXWwMJy3/view?usp=drivesdk | AL47: PENOLONG PEGAWAI SENIBINA JA5
A48: 45846.464 | B48: BINAAN LUAR | C48: Landscape | D48: FF01.7– BENCH TYPE 07B FLOW BENCH | E48: {=IFERROR(XLOOKUP(D48, MASTER_KOMPONEN!A:A, MASTER_KOMPONEN!G:G, ""), "")} -> BENCHES | F48: 208 | G48: A | H48: 9 | I48: 1 | J48: ARAS LANTAI | K48: 00 | L48: ROL P7 - ZON 5 | M48: 05 | N48: 4 | O48: 0001 | P48: 0004 | Q48: A0901.0001-0004 | R48: 1101164MYS.140005.BG0002.BG0410.04.00.05.208 | S48: 101.69492 | T48: 3.144042738224411, | U48: https://drive.google.com/uc?export=view&id=1o64UYR-5qGyA0V-95Y9zmL129ui3uPNY | X48: KHAIRUL HAMADI BIN ABDULLAH SANI | Y48: khairulhamadi@gmail.com | AA48: BG0410 | AC48: AKTIF | AD48: MUHAMMAD SYAZWI BIN KHUSAIRI | AE48: JURUTERA AWAM, J9 | AF48: https://drive.google.com/file/d/1TwH8ac0vamZjpCm2V8YFMwD9gEeTvIU_/view?usp=drivesdk | AG48: https://drive.google.com/file/d/1higsIKBDMSqR5wytlOMo2TtMpXaZx1Zr/view?usp=drivesdk | AH48: msyazwik@gmail.com | AJ48: https://drive.google.com/file/d/1higsIKBDMSqR5wytlOMo2TtMpXaZx1Zr/view?usp=drivesdk | AK48: https://drive.google.com/file/d/1ePP26Ov0z3xPLmpcaHJtlvBpIv6FsBEA/view?usp=drivesdk | AL48: PENOLONG PEGAWAI SENIBINA
A49: 45846.472 | B49: BINAAN LUAR | C49: Walkway/Pedestrian/Footpath | D49: LT02.2 - PEDESTRIAN LIGHT TYPE 02 IGUZZINI CUSTOM DESIGN (SINGLE SIDE) | E49: {=IFERROR(XLOOKUP(D49, MASTER_KOMPONEN!A:A, MASTER_KOMPONEN!G:G, ""), "")} -> WALKWAY LIGHTING | F49: 311 | G49: E | H49: 14 | I49: 10 | J49: ARAS LANTAI | K49: 00 | L49: ROL P7 - ZON 5 | M49: 05 | N49: 3 | O49: 0013 | P49: 0015 | Q49: E1410.0013-0015 | R49: 1101164MYS.140005.BG0002.TA0112.03.00.05.311 | S49: 101.69455 | T49: 3.1463557 | U49: https://drive.google.com/uc?export=view&id=1-TL7ZrfW2Iy9b6ZSPMFxMNlqeC5B6vMi | X49: FATIMAH BINTI SHOKARI | Y49: fatimahshokari@gmail.com | AA49: TA0112 | AC49: AKTIF | AD49: MUHAMMAD SYAZWI BIN KHUSAIRI | AE49: JURUTERA AWAM, J9 | AF49: https://drive.google.com/file/d/1WQ-UxposFtrKzeteUeprXRTgHFwqUh8E/view?usp=drivesdk | AG49: https://drive.google.com/file/d/1higsIKBDMSqR5wytlOMo2TtMpXaZx1Zr/view?usp=drivesdk | AH49: msyazwik@gmail.com | AJ49: https://drive.google.com/file/d/1higsIKBDMSqR5wytlOMo2TtMpXaZx1Zr/view?usp=drivesdk | AK49: https://drive.google.com/file/d/19EphRse_aynGP1dM7C_xxUJbhaFm7tb3/view?usp=drivesdk | AL49: PENOLONG PEGAWAI SENIBINA JA5
A50: 45846.473 | B50: BINAAN LUAR | C50: Walkway/Pedestrian/Footpath | D50: SINAGE - EXTERNAL DIRECTIONAL SIGN - EDS 08 | E50: {=IFERROR(XLOOKUP(D50, MASTER_KOMPONEN!A:A, MASTER_KOMPONEN!G:G, ""), "")} -> SIGNAGE | F50: 288 | G50: A | H50: 8 | I50: 7 | J50: ARAS LANTAI | K50: 00 | L50: ROL P7 - ZON 5 | M50: 05 | N50: 1 | O50: 0001 | P50: 0001 | Q50: A0807.0001-0001 | R50: 1101164MYS.140005.BG0002.TA0112.01.00.05.288 | S50: 101.69506 | T50: 3.1456898 | U50: https://drive.google.com/uc?export=view&id=1m1Ou6faSdYXA08klncy8HiwHqH1qRnup | X50: Elyas Mohd Jarami | Y50: elyasdbkl@gmail.com | AA50: TA0112 | AC50: AKTIF | AD50: MUHAMMAD SYAZWI BIN KHUSAIRI | AE50: JURUTERA AWAM, J9 | AF50: https://drive.google.com/file/d/1E6VTZ7moulozcuoRPyeRytD7IVH9Y7zq/view?usp=drivesdk | AG50: https://drive.google.com/file/d/1higsIKBDMSqR5wytlOMo2TtMpXaZx1Zr/view?usp=drivesdk | AH50: msyazwik@gmail.com | AJ50: https://drive.google.com/file/d/1higsIKBDMSqR5wytlOMo2TtMpXaZx1Zr/view?usp=drivesdk | AK50: https://drive.google.com/file/d/1HupycyL3iWxxEREQ0Yz8j2WVZSPi_s6J/view?usp=drivesdk | AL50: Arkitek
A51: 45846.474 | B51: BINAAN LUAR | C51: Walkway/Pedestrian/Footpath | D51: LT02.2 - PEDESTRIAN LIGHT TYPE 02 IGUZZINI CUSTOM DESIGN (SINGLE SIDE) | E51: {=IFERROR(XLOOKUP(D51, MASTER_KOMPONEN!A:A, MASTER_KOMPONEN!G:G, ""), "")} -> WALKWAY LIGHTING | F51: 311 | G51: E | H51: 14 | I51: 10 | J51: ARAS LANTAI | K51: 00 | L51: ROL P7 - ZON 5 | M51: 05 | N51: 3 | O51: 0016 | P51: 0018 | Q51: E1410.0016-0018 | R51: 1101164MYS.140005.BG0002.TA0112.03.00.05.311 | S51: 101.69456 | T51: 3.1465591 | U51: https://drive.google.com/uc?export=view&id=1KyAJvp8-baUM7suoR7OhPe7XrmAdx4E8 | X51: FATIMAH BINTI SHOKARI | Y51: fatimahshokari@gmail.com | AA51: TA0112 | AC51: AKTIF | AD51: MUHAMMAD SYAZWI BIN KHUSAIRI | AE51: JURUTERA AWAM, J9 | AF51: https://drive.google.com/file/d/1WQ-UxposFtrKzeteUeprXRTgHFwqUh8E/view?usp=drivesdk | AG51: https://drive.google.com/file/d/1higsIKBDMSqR5wytlOMo2TtMpXaZx1Zr/view?usp=drivesdk | AH51: msyazwik@gmail.com | AJ51: https://drive.google.com/file/d/1higsIKBDMSqR5wytlOMo2TtMpXaZx1Zr/view?usp=drivesdk | AK51: https://drive.google.com/file/d/1gi-xhPEdmRWCsXaoyHkEmLF-OzEA66SE/view?usp=drivesdk | AL51: PENOLONG PEGAWAI SENIBINA JA5
A52: 45846.474 | B52: BINAAN LUAR | C52: Walkway/Pedestrian/Footpath | D52: SINAGE - EXTERNAL SUB-DIRECTORY -ESD 02 | E52: {=IFERROR(XLOOKUP(D52, MASTER_KOMPONEN!A:A, MASTER_KOMPONEN!G:G, ""), "")} -> SIGNAGE | F52: 289 | G52: A | H52: 8 | I52: 7 | J52: ARAS LANTAI | K52: 00 | L52: ROL P7 - ZON 5 | M52: 05 | N52: 1 | O52: 0001 | P52: 0001 | Q52: A0807.0001-0001 | R52: 1101164MYS.140005.BG0002.TA0112.01.00.05.289 | S52: 101.69454 | T52: 3.1456945 | U52: https://drive.google.com/uc?export=view&id=1qWJHSth4nfVambs4IvFCTtfjiP6mpIEU | X52: Elyas Mohd Jarami | Y52: elyasdbkl@gmail.com | AA52: TA0112 | AC52: AKTIF | AD52: MUHAMMAD SYAZWI BIN KHUSAIRI | AE52: JURUTERA AWAM, J9 | AF52: https://drive.google.com/file/d/1E6VTZ7moulozcuoRPyeRytD7IVH9Y7zq/view?usp=drivesdk | AG52: https://drive.google.com/file/d/1higsIKBDMSqR5wytlOMo2TtMpXaZx1Zr/view?usp=drivesdk | AH52: msyazwik@gmail.com | AJ52: https://drive.google.com/file/d/1higsIKBDMSqR5wytlOMo2TtMpXaZx1Zr/view?usp=drivesdk | AK52: https://drive.google.com/file/d/1X4LgDsGnF6KTnKpld3UGJEG4DEFZDGvR/view?usp=drivesdk | AL52: Arkitek
A53: 45846.478 | B53: BINAAN LUAR | C53: Walkway/Pedestrian/Footpath | D53: LT02.2 - PEDESTRIAN LIGHT TYPE 02 IGUZZINI CUSTOM DESIGN (SINGLE SIDE) | E53: {=IFERROR(XLOOKUP(D53, MASTER_KOMPONEN!A:A, MASTER_KOMPONEN!G:G, ""), "")} -> WALKWAY LIGHTING | F53: 311 | G53: E | H53: 14 | I53: 10 | J53: ARAS LANTAI | K53: 00 | L53: ROL P7 - ZON 5 | M53: 05 | N53: 1 | O53: 0019 | P53: 0019 | Q53: E1410.0019-0019 | R53: 1101164MYS.140005.BG0002.TA0112.01.00.05.311 | S53: 101.69473 | T53: 3.1465493 | U53: https://drive.google.com/uc?export=view&id=14Vx3uGySzjbsWXA5sV-bbPKQrHp9yQZp | X53: FATIMAH BINTI SHOKARI | Y53: fatimahshokari@gmail.com | AA53: TA0112 | AC53: AKTIF | AD53: MUHAMMAD SYAZWI BIN KHUSAIRI | AE53: JURUTERA AWAM, J9 | AF53: https://drive.google.com/file/d/1WQ-UxposFtrKzeteUeprXRTgHFwqUh8E/view?usp=drivesdk | AG53: https://drive.google.com/file/d/1higsIKBDMSqR5wytlOMo2TtMpXaZx1Zr/view?usp=drivesdk | AH53: msyazwik@gmail.com | AJ53: https://drive.google.com/file/d/1higsIKBDMSqR5wytlOMo2TtMpXaZx1Zr/view?usp=drivesdk | AK53: https://drive.google.com/file/d/1426m7O3Vs5a3fv7ls7n8O5UBUTA1UbwM/view?usp=drivesdk | AL53: PENOLONG PEGAWAI SENIBINA JA5
A54: 45846.478 | B54: BINAAN LUAR | C54: Walkway/Pedestrian/Footpath | D54: SG03D – PEDESTRIAN DIRECTIONAL PLINTH | E54: {=IFERROR(XLOOKUP(D54, MASTER_KOMPONEN!A:A, MASTER_KOMPONEN!G:G, ""), "")} -> SIGNAGE | F54: 280 | G54: A | H54: 8 | I54: 7 | J54: ARAS LANTAI | K54: 00 | L54: ROL P7 - ZON 5 | M54: 05 | N54: 1 | O54: 0001 | P54: 0001 | Q54: A0807.0001-0001 | R54: 1101164MYS.140005.BG0002.TA0112.01.00.05.280 | S54: 101.69522 | T54: 3.1465965 | U54: https://drive.google.com/uc?export=view&id=1tY5Vqk_9mrlnSA4LCdUGMXTe-53gN3za | X54: Elyas Mohd Jarami | Y54: elyasdbkl@gmail.com | AA54: TA0112 | AC54: AKTIF | AD54: MUHAMMAD SYAZWI BIN KHUSAIRI | AE54: JURUTERA AWAM, J9 | AF54: https://drive.google.com/file/d/1E6VTZ7moulozcuoRPyeRytD7IVH9Y7zq/view?usp=drivesdk | AG54: https://drive.google.com/file/d/1higsIKBDMSqR5wytlOMo2TtMpXaZx1Zr/view?usp=drivesdk | AH54: msyazwik@gmail.com | AJ54: https://drive.google.com/file/d/1higsIKBDMSqR5wytlOMo2TtMpXaZx1Zr/view?usp=drivesdk | AK54: https://drive.google.com/file/d/1K9BcBdG3r_d5FhnqcS-bkpCBhTilNXuS/view?usp=drivesdk | AL54: Arkitek
A55: 45846.479 | B55: BINAAN LUAR | C55: Walkway/Pedestrian/Footpath | D55: RAILING TYPE 13 - WITH HANDRAIL (HOT-DIPPED GALVANISED VERTICAL STEEL FREAM W INTEGRATED HANDRAIL) | E55: {=IFERROR(XLOOKUP(D55, MASTER_KOMPONEN!A:A, MASTER_KOMPONEN!G:G, ""), "")} -> RAILING | F55: 195 | G55: A | H55: 9 | I55: 1 | J55: ARAS LANTAI | K55: 00 | L55: ROL P7 - ZON 5 | M55: 05 | N55: 2 | O55: 0001 | P55: 0002 | Q55: A0901.0001-0002 | R55: 1101164MYS.140005.BG0002.TA0112.02.00.05.195 | S55: 101.69525 | T55: 3.146590, | U55: https://drive.google.com/uc?export=view&id=1y6Up1H_ebBy83bGzyEgVnTTD8-MPRkGh | X55: KHAIRUL HAMADI BIN ABDULLAH SANI | Y55: khairulhamadi@gmail.com | AA55: TA0112 | AC55: AKTIF | AD55: MUHAMMAD SYAZWI BIN KHUSAIRI | AE55: JURUTERA AWAM, J9 | AF55: https://drive.google.com/file/d/1TwH8ac0vamZjpCm2V8YFMwD9gEeTvIU_/view?usp=drivesdk | AG55: https://drive.google.com/file/d/1higsIKBDMSqR5wytlOMo2TtMpXaZx1Zr/view?usp=drivesdk | AH55: msyazwik@gmail.com | AJ55: https://drive.google.com/file/d/1higsIKBDMSqR5wytlOMo2TtMpXaZx1Zr/view?usp=drivesdk | AK55: https://drive.google.com/file/d/1W27SZFUNWVLDdj7dGCPS5xO5TpLXTwoT/view?usp=drivesdk | AL55: PENOLONG PEGAWAI SENIBINA
A56: 45846.484 | B56: BINAAN LUAR | C56: Walkway/Pedestrian/Footpath | D56: RAILING TYPE 02 – HANDRAIL AT WALL | E56: {=IFERROR(XLOOKUP(D56, MASTER_KOMPONEN!A:A, MASTER_KOMPONEN!G:G, ""), "")} -> RAILING | F56: 186 | G56: A | H56: 2 | I56: 4 | J56: ARAS LANTAI | K56: 00 | L56: ROL P7 - ZON 5 | M56: 05 | N56: 12 | O56: 0001 | P56: 0012 | Q56: A0204.0001-0012 | R56: 1101164MYS.140005.BG0002.TA0112.12.00.05.186 | S56: 101.69525 | T56: 3.14659 | U56: https://drive.google.com/uc?export=view&id=1zXtyxbaTzI05AITFQvfZhwGWZW4AcL_h | X56: Elyas Mohd Jarami | Y56: elyasdbkl@gmail.com | AA56: TA0112 | AC56: AKTIF | AD56: MUHAMMAD SYAZWI BIN KHUSAIRI | AE56: JURUTERA AWAM, J9 | AF56: https://drive.google.com/file/d/1E6VTZ7moulozcuoRPyeRytD7IVH9Y7zq/view?usp=drivesdk | AG56: https://drive.google.com/file/d/1higsIKBDMSqR5wytlOMo2TtMpXaZx1Zr/view?usp=drivesdk | AH56: msyazwik@gmail.com | AJ56: https://drive.google.com/file/d/1higsIKBDMSqR5wytlOMo2TtMpXaZx1Zr/view?usp=drivesdk | AK56: https://drive.google.com/file/d/1wEQl4hsSyKaZmVW4oSfbNiUxnIA2H-K5/view?usp=drivesdk | AL56: Arkitek
A57: 45846.484 | B57: BINAAN LUAR | C57: Landscape | D57: FF01.7– BENCH TYPE 07B FLOW BENCH | E57: {=IFERROR(XLOOKUP(D57, MASTER_KOMPONEN!A:A, MASTER_KOMPONEN!G:G, ""), "")} -> BENCHES | F57: 208 | G57: A | H57: 9 | I57: 1 | J57: ARAS LANTAI | K57: 00 | L57: ROL P7 - ZON 5 | M57: 05 | N57: 1 | O57: 0005 | P57: 0005 | Q57: A0901.0005-0005 | R57: 1101164MYS.140005.BG0002.BG0410.01.00.05.208 | S57: 101.69504 | T57: 3.1454796 | U57: https://drive.google.com/uc?export=view&id=1pPZDdqV_GAnrIa5tCLwGt-UkJWVD3fCY | X57: FATIMAH BINTI SHOKARI | Y57: fatimahshokari@gmail.com | AA57: BG0410 | AC57: AKTIF | AD57: MUHAMMAD SYAZWI BIN KHUSAIRI | AE57: JURUTERA AWAM, J9 | AF57: https://drive.google.com/file/d/1WQ-UxposFtrKzeteUeprXRTgHFwqUh8E/view?usp=drivesdk | AG57: https://drive.google.com/file/d/1higsIKBDMSqR5wytlOMo2TtMpXaZx1Zr/view?usp=drivesdk | AH57: msyazwik@gmail.com | AJ57: https://drive.google.com/file/d/1higsIKBDMSqR5wytlOMo2TtMpXaZx1Zr/view?usp=drivesdk | AK57: https://drive.google.com/file/d/1GUxfTmX3FOyQZcZZbQsckbKggtw3jYjL/view?usp=drivesdk | AL57: PENOLONG PEGAWAI SENIBINA JA5
A58: 45846.486 | B58: BINAAN LUAR | C58: Landscape | D58: FF01.7– BENCH TYPE 07B FLOW BENCH | E58: {=IFERROR(XLOOKUP(D58, MASTER_KOMPONEN!A:A, MASTER_KOMPONEN!G:G, ""), "")} -> BENCHES | F58: 208 | G58: A | H58: 9 | I58: 1 | J58: ARAS LANTAI | K58: 00 | L58: ROL P7 - ZON 5 | M58: 05 | N58: 1 | O58: 0006 | P58: 0006 | Q58: A0901.0006-0006 | R58: 1101164MYS.140005.BG0002.BG0410.01.00.05.208 | S58: 101.69504 | T58: 3.1454796 | U58: https://drive.google.com/uc?export=view&id=1Znwoz7vKrJUKfGgzTH0VpIuo14OHQv_r | X58: FATIMAH BINTI SHOKARI | Y58: fatimahshokari@gmail.com | AA58: BG0410 | AC58: AKTIF | AD58: MUHAMMAD SYAZWI BIN KHUSAIRI | AE58: JURUTERA AWAM, J9 | AF58: https://drive.google.com/file/d/1WQ-UxposFtrKzeteUeprXRTgHFwqUh8E/view?usp=drivesdk | AG58: https://drive.google.com/file/d/1higsIKBDMSqR5wytlOMo2TtMpXaZx1Zr/view?usp=drivesdk | AH58: msyazwik@gmail.com | AJ58: https://drive.google.com/file/d/1higsIKBDMSqR5wytlOMo2TtMpXaZx1Zr/view?usp=drivesdk | AK58: https://drive.google.com/file/d/1VAf-5D9vEFk8I6M6gW0pRtv2v86bRDiY/view?usp=drivesdk | AL58: PENOLONG PEGAWAI SENIBINA JA5
A59: 45846.486 | B59: BINAAN LUAR | C59: Walkway/Pedestrian/Footpath | D59: RAILING TYPE 13 - WITH HANDRAIL (HOT-DIPPED GALVANISED VERTICAL STEEL FREAM W INTEGRATED HANDRAIL) | E59: {=IFERROR(XLOOKUP(D59, MASTER_KOMPONEN!A:A, MASTER_KOMPONEN!G:G, ""), "")} -> RAILING | F59: 195 | G59: A | H59: 9 | I59: 1 | J59: ARAS LANTAI | K59: 00 | L59: ROL P7 - ZON 5 | M59: 05 | N59: 6 | O59: 0003 | P59: 0008 | Q59: A0901.0003-0008 | R59: 1101164MYS.140005.BG0002.TA0112.06.00.05.195 | S59: 101.69531 | T59: 3.146393 | U59: https://drive.google.com/uc?export=view&id=1Rpf4wSY9AFTWHu2XClXrQATe9k3AU3sb | X59: Elyas Mohd Jarami | Y59: elyasdbkl@gmail.com | AA59: TA0112 | AC59: AKTIF | AD59: MUHAMMAD SYAZWI BIN KHUSAIRI | AE59: JURUTERA AWAM, J9 | AF59: https://drive.google.com/file/d/1E6VTZ7moulozcuoRPyeRytD7IVH9Y7zq/view?usp=drivesdk | AG59: https://drive.google.com/file/d/1higsIKBDMSqR5wytlOMo2TtMpXaZx1Zr/view?usp=drivesdk | AH59: msyazwik@gmail.com | AJ59: https://drive.google.com/file/d/1higsIKBDMSqR5wytlOMo2TtMpXaZx1Zr/view?usp=drivesdk | AK59: https://drive.google.com/file/d/1WSqRU5FVMdLwBDVVo4DkclrhalddjB8n/view?usp=drivesdk | AL59: Arkitek
A60: 45846.488 | B60: BINAAN LUAR | C60: Landscape | D60: FF01.7– BENCH TYPE 07B FLOW BENCH | E60: {=IFERROR(XLOOKUP(D60, MASTER_KOMPONEN!A:A, MASTER_KOMPONEN!G:G, ""), "")} -> BENCHES | F60: 208 | G60: A | H60: 9 | I60: 1 | J60: ARAS LANTAI | K60: 00 | L60: ROL P7 - ZON 5 | M60: 05 | N60: 1 | O60: 0007 | P60: 0007 | Q60: A0901.0007-0007 | R60: 1101164MYS.140005.BG0002.BG0410.01.00.05.208 | S60: 101.6951 | T60: 3.1457337 | U60: https://drive.google.com/uc?export=view&id=1dGFTNXtDWgKGB-oJRAnABRpftv7L7uAn | X60: FATIMAH BINTI SHOKARI | Y60: fatimahshokari@gmail.com | AA60: BG0410 | AC60: AKTIF | AD60: MUHAMMAD SYAZWI BIN KHUSAIRI | AE60: JURUTERA AWAM, J9 | AF60: https://drive.google.com/file/d/1WQ-UxposFtrKzeteUeprXRTgHFwqUh8E/view?usp=drivesdk | AG60: https://drive.google.com/file/d/1higsIKBDMSqR5wytlOMo2TtMpXaZx1Zr/view?usp=drivesdk | AH60: msyazwik@gmail.com | AJ60: https://drive.google.com/file/d/1higsIKBDMSqR5wytlOMo2TtMpXaZx1Zr/view?usp=drivesdk | AK60: https://drive.google.com/file/d/1Yv4Mx280TFbcFp_cx3Gy7KAkIQm-3Ekf/view?usp=drivesdk | AL60: PENOLONG PEGAWAI SENIBINA JA5
A61: 45846.489 | B61: BINAAN LUAR | C61: Landscape | D61: FF01.7– BENCH TYPE 07B FLOW BENCH | E61: {=IFERROR(XLOOKUP(D61, MASTER_KOMPONEN!A:A, MASTER_KOMPONEN!G:G, ""), "")} -> BENCHES | F61: 208 | G61: A | H61: 9 | I61: 1 | J61: ARAS LANTAI | K61: 00 | L61: ROL P7 - ZON 5 | M61: 05 | N61: 1 | O61: 0008 | P61: 0008 | Q61: A0901.0008-0008 | R61: 1101164MYS.140005.BG0002.BG0410.01.00.05.208 | S61: 101.69511 | T61: 3.1458641 | U61: https://drive.google.com/uc?export=view&id=18jXUYvHWmxZnyCWyHQXtWmJI_89iR94w | X61: FATIMAH BINTI SHOKARI | Y61: fatimahshokari@gmail.com | AA61: BG0410 | AC61: AKTIF | AD61: MUHAMMAD SYAZWI BIN KHUSAIRI | AE61: JURUTERA AWAM, J9 | AF61: https://drive.google.com/file/d/1WQ-UxposFtrKzeteUeprXRTgHFwqUh8E/view?usp=drivesdk | AG61: https://drive.google.com/file/d/1higsIKBDMSqR5wytlOMo2TtMpXaZx1Zr/view?usp=drivesdk | AH61: msyazwik@gmail.com | AJ61: https://drive.google.com/file/d/1higsIKBDMSqR5wytlOMo2TtMpXaZx1Zr/view?usp=drivesdk | AK61: https://drive.google.com/file/d/1KMAAf-U3SrQ4w0XgocZYrRNtAXf4ooTM/view?usp=drivesdk | AL61: PENOLONG PEGAWAI SENIBINA JA5
A62: 45846.491 | B62: BINAAN LUAR | C62: Landscape | D62: FF01.7– BENCH TYPE 07B FLOW BENCH | E62: {=IFERROR(XLOOKUP(D62, MASTER_KOMPONEN!A:A, MASTER_KOMPONEN!G:G, ""), "")} -> BENCHES | F62: 208 | G62: A | H62: 9 | I62: 1 | J62: ARAS LANTAI | K62: 00 | L62: ROL P7 - ZON 5 | M62: 05 | N62: 1 | O62: 0009 | P62: 0009 | Q62: A0901.0009-0009 | R62: 1101164MYS.140005.BG0002.BG0410.01.00.05.208 | S62: 101.69511 | T62: 3.1458641 | U62: https://drive.google.com/uc?export=view&id=1U7wiQlkBfwzIfkENObLr6Aui0_m9bcx0 | X62: FATIMAH BINTI SHOKARI | Y62: fatimahshokari@gmail.com | AA62: BG0410 | AC62: AKTIF | AD62: MUHAMMAD SYAZWI BIN KHUSAIRI | AE62: JURUTERA AWAM, J9 | AF62: https://drive.google.com/file/d/1WQ-UxposFtrKzeteUeprXRTgHFwqUh8E/view?usp=drivesdk | AG62: https://drive.google.com/file/d/1higsIKBDMSqR5wytlOMo2TtMpXaZx1Zr/view?usp=drivesdk | AH62: msyazwik@gmail.com | AJ62: https://drive.google.com/file/d/1higsIKBDMSqR5wytlOMo2TtMpXaZx1Zr/view?usp=drivesdk | AK62: https://drive.google.com/file/d/11niIyrZOVSmRSQ_IsPBRaOrKjUVheRe3/view?usp=drivesdk | AL62: PENOLONG PEGAWAI SENIBINA JA5
A63: 45846.491 | B63: BINAAN LUAR | C63: Landscape | D63: FF01.7– BENCH TYPE 07B FLOW BENCH | E63: {=IFERROR(XLOOKUP(D63, MASTER_KOMPONEN!A:A, MASTER_KOMPONEN!G:G, ""), "")} -> BENCHES | F63: 208 | G63: A | H63: 9 | I63: 1 | J63: ARAS LANTAI | K63: 00 | L63: ROL P7 - ZON 5 | M63: 05 | N63: 1 | O63: 0010 | P63: 0010 | Q63: A0901.0010-0010 | R63: 1101164MYS.140005.BG0002.BG0410.01.00.05.208 | S63: 101.69511 | T63: 3.1458641 | U63: https://drive.google.com/uc?export=view&id=1D5K1eajyoHXXNZhr-CzwGD5S2bvyBgj7 | X63: FATIMAH BINTI SHOKARI | Y63: fatimahshokari@gmail.com | AA63: BG0410 | AC63: AKTIF | AD63: MUHAMMAD SYAZWI BIN KHUSAIRI | AE63: JURUTERA AWAM, J9 | AF63: https://drive.google.com/file/d/1WQ-UxposFtrKzeteUeprXRTgHFwqUh8E/view?usp=drivesdk | AG63: https://drive.google.com/file/d/1higsIKBDMSqR5wytlOMo2TtMpXaZx1Zr/view?usp=drivesdk | AH63: msyazwik@gmail.com | AJ63: https://drive.google.com/file/d/1higsIKBDMSqR5wytlOMo2TtMpXaZx1Zr/view?usp=drivesdk | AK63: https://drive.google.com/file/d/1jF6sgde_mJ5dMiv1GSupx_x18lgwr709/view?usp=drivesdk | AL63: PENOLONG PEGAWAI SENIBINA JA5
A64: 45846.51 | B64: BINAAN LUAR | C64: Walkway/Pedestrian/Footpath | D64: RAILING TYPE 05 - STANDARD (HOT-DIPPED GALVANISED VERTICAL STEEL FRAME) | E64: {=IFERROR(XLOOKUP(D64, MASTER_KOMPONEN!A:A, MASTER_KOMPONEN!G:G, ""), "")} -> RAILING | F64: 189 | G64: A | H64: 2 | I64: 4 | J64: ARAS LANTAI | K64: 00 | L64: ROL P7 - ZON 5 | M64: 05 | N64: 1 | O64: 0001 | P64: 0001 | Q64: A0204.0001-0001 | R64: 1101164MYS.140005.BG0002.TA0112.01.00.05.189 | S64: 101.69502 | T64: 3.1460219 | U64: https://drive.google.com/uc?export=view&id=1h2HVe9QR7uZZ1tLFA6pULZkX28aIKl9N | X64: Elyas Mohd Jarami | Y64: elyasdbkl@gmail.com | AA64: TA0112 | AC64: AKTIF | AD64: MUHAMMAD SYAZWI BIN KHUSAIRI | AE64: JURUTERA AWAM, J9 | AF64: https://drive.google.com/file/d/1E6VTZ7moulozcuoRPyeRytD7IVH9Y7zq/view?usp=drivesdk | AG64: https://drive.google.com/file/d/1higsIKBDMSqR5wytlOMo2TtMpXaZx1Zr/view?usp=drivesdk | AH64: msyazwik@gmail.com | AJ64: https://drive.google.com/file/d/1higsIKBDMSqR5wytlOMo2TtMpXaZx1Zr/view?usp=drivesdk | AK64: https://drive.google.com/file/d/1tHfkWjVYH0zI2ALSq__XUrU9bgkpK4n3/view?usp=drivesdk | AL64: Arkitek
A65: 45846.511 | B65: BINAAN LUAR | C65: Walkway/Pedestrian/Footpath | D65: LT02.2 - PEDESTRIAN LIGHT TYPE 02 IGUZZINI CUSTOM DESIGN (SINGLE SIDE) | E65: {=IFERROR(XLOOKUP(D65, MASTER_KOMPONEN!A:A, MASTER_KOMPONEN!G:G, ""), "")} -> WALKWAY LIGHTING | F65: 311 | G65: E | H65: 14 | I65: 10 | J65: ARAS LANTAI | K65: 00 | L65: ROL P7 - ZON 5 | M65: 05 | N65: 1 | O65: 0020 | P65: 0020 | Q65: E1410.0020-0020 | R65: 1101164MYS.140005.BG0002.TA0112.01.00.05.311 | S65: 101.69533 | T65: 3.1460475 | U65: https://drive.google.com/uc?export=view&id=1PZoglQ-S1wfC-ng0NUyrDPULXHgdeJ-H | X65: FATIMAH BINTI SHOKARI | Y65: fatimahshokari@gmail.com | AA65: TA0112 | AC65: AKTIF | AD65: MUHAMMAD SYAZWI BIN KHUSAIRI | AE65: JURUTERA AWAM, J9 | AF65: https://drive.google.com/file/d/1WQ-UxposFtrKzeteUeprXRTgHFwqUh8E/view?usp=drivesdk | AG65: https://drive.google.com/file/d/1higsIKBDMSqR5wytlOMo2TtMpXaZx1Zr/view?usp=drivesdk | AH65: msyazwik@gmail.com | AJ65: https://drive.google.com/file/d/1higsIKBDMSqR5wytlOMo2TtMpXaZx1Zr/view?usp=drivesdk | AK65: https://drive.google.com/file/d/1nNb5bcPiVKS8Sk0BkKCAoRk9LYkSqQnd/view?usp=drivesdk | AL65: PENOLONG PEGAWAI SENIBINA JA5
A66: 45846.511 | B66: BINAAN LUAR | C66: Walkway/Pedestrian/Footpath | D66: LT02.2 - PEDESTRIAN LIGHT TYPE 02 IGUZZINI CUSTOM DESIGN (SINGLE SIDE) | E66: {=IFERROR(XLOOKUP(D66, MASTER_KOMPONEN!A:A, MASTER_KOMPONEN!G:G, ""), "")} -> WALKWAY LIGHTING | F66: 311 | G66: E | H66: 14 | I66: 10 | J66: ARAS LANTAI | K66: 00 | L66: ROL P7 - ZON 5 | M66: 05 | N66: 1 | O66: 0021 | P66: 0021 | Q66: E1410.0021-0021 | R66: 1101164MYS.140005.BG0002.TA0112.01.00.05.311 | S66: 101.69533 | T66: 3.1460475 | U66: https://drive.google.com/uc?export=view&id=1j1ItLnq2pfEYRu2KSydYL0oh17diB-hm | X66: KHAIRUL HAMADI BIN ABDULLAH SANI | Y66: khairulhamadi@gmail.com | AA66: TA0112 | AC66: AKTIF | AD66: MUHAMMAD SYAZWI BIN KHUSAIRI | AE66: JURUTERA AWAM, J9 | AF66: https://drive.google.com/file/d/1TwH8ac0vamZjpCm2V8YFMwD9gEeTvIU_/view?usp=drivesdk | AG66: https://drive.google.com/file/d/1higsIKBDMSqR5wytlOMo2TtMpXaZx1Zr/view?usp=drivesdk | AH66: msyazwik@gmail.com | AJ66: https://drive.google.com/file/d/1higsIKBDMSqR5wytlOMo2TtMpXaZx1Zr/view?usp=drivesdk | AK66: https://drive.google.com/file/d/1tlq0oB3o5lavgSV9NLfLx7itQvzMlbso/view?usp=drivesdk | AL66: PENOLONG PEGAWAI SENIBINA
A67: 45846.537 | B67: BINAAN LUAR | C67: Walkway/Pedestrian/Footpath | D67: FF05.2– BOLLARD TYPE 02 REMOVEABLE | E67: {=IFERROR(XLOOKUP(D67, MASTER_KOMPONEN!A:A, MASTER_KOMPONEN!G:G, ""), "")} -> BOLLARD | F67: 252 | G67: A | H67: 9 | I67: 1 | J67: ARAS LANTAI | K67: 00 | L67: ROL P7 - ZON 5 | M67: 05 | N67: 4 | O67: 0001 | P67: 0004 | Q67: A0901.0001-0004 | R67: 1101164MYS.140005.BG0002.TA0112.04.00.05.252 | S67: 101.69511 | T67: 3.1469227 | U67: https://drive.google.com/uc?export=view&id=1MoPwTf7WtX38Z525aNL0A7ryWnZBgOBa | X67: Elyas Mohd Jarami | Y67: elyasdbkl@gmail.com | AA67: TA0112 | AC67: ROSAK | AD67: MUHAMMAD SYAZWI BIN KHUSAIRI | AE67: JURUTERA AWAM, J9 | AF67: https://drive.google.com/file/d/1E6VTZ7moulozcuoRPyeRytD7IVH9Y7zq/view?usp=drivesdk | AG67: https://drive.google.com/file/d/1higsIKBDMSqR5wytlOMo2TtMpXaZx1Zr/view?usp=drivesdk | AH67: msyazwik@gmail.com | AJ67: https://drive.google.com/file/d/1higsIKBDMSqR5wytlOMo2TtMpXaZx1Zr/view?usp=drivesdk | AK67: https://drive.google.com/file/d/1_pWAuEeZxGkmD6gZH0WLSHccHqc6Ez46/view?usp=drivesdk | AL67: Arkitek
... A71: 45846.613 | B71: BINAAN LUAR | C71: Walkway/Pedestrian/Footpath | D71: SG03B – PEDESTRIAN DIRECTIONAL TOTEM | E71: {=IFERROR(XLOOKUP(D71, MASTER_KOMPONEN!A:A, MASTER_KOMPONEN!G:G, ""), "")} -> SIGNAGE | F71: 278 | G71: A | H71: 8 | I71: 7 | J71: ARAS LANTAI | K71: 00 | L71: ROL P7 - ZON 6 | M71: 06 | N71: 1 | O71: 0001 | P71: 0001 | Q71: A0807.0001-0001 | R71: 1101164MYS.140005.BG0002.TA0112.01.00.06.278 | S71: 101.69547 | T71: 3.1438383 | U71: https://drive.google.com/uc?export=view&id=1O1iv-UKavAJ5-MI70bvvF06NDQqx10Dq | X71: Mohd Asedil bin mohd shaidi arifin | Y71: mohdasedil@gmail.com | AA71: TA0112 | AC71: AKTIF | AD71: MUHAMMAD SYAZWI BIN KHUSAIRI | AE71: JURUTERA AWAM, J9 | AF71: https://drive.google.com/file/d/1c57cMDieV3Ql_IsWWXqnkldEwVINgEXT/view?usp=drivesdk | AG71: https://drive.google.com/file/d/1higsIKBDMSqR5wytlOMo2TtMpXaZx1Zr/view?usp=drivesdk | AH71: msyazwik@gmail.com | AJ71: https://drive.google.com/file/d/1higsIKBDMSqR5wytlOMo2TtMpXaZx1Zr/view?usp=drivesdk | AK71: https://drive.google.com/file/d/1g-O7ea3e_pNt-sev0xb99x-hWbkfOfVP/view?usp=drivesdk | AL71: Penolong pegawai senibina
A72: 45969.505 | B72: BINAAN LUAR | C72: Walkway/Pedestrian/Footpath | D72: SINAGE - GUIDING LIGHT | E72: {=IFERROR(XLOOKUP(D72, MASTER_KOMPONEN!A:A, MASTER_KOMPONEN!G:G, ""), "")} -> SIGNAGE | F72: 287 | G72: A | H72: 8 | I72: 7 | J72: ARAS LANTAI | K72: 00 | L72: ROL P7 - ZON 6 | M72: 06 | N72: 1 | O72: 0001 | P72: 0001 | Q72: A0807.0001-0001 | R72: 1101164MYS.140005.BG0002.TA0112.01.00.06.287 | S72: 101.69545 | T72: 3.1437744, | U72: https://drive.google.com/uc?export=view&id=1Qi21n9ugu-9XeIvs3PQ5MCqu_BhP7W4b | X72: MUHAMAD ASYRAF IRFAN BIN MUHAMAD KAMIL | Y72: ayapdbkl@gmail.com | AA72: TA0112 | AC72: AKTIF | AD72: MUHAMMAD SYAZWI BIN KHUSAIRI | AE72: JURUTERA AWAM, J9 | AF72: https://drive.google.com/file/d/1giZSBVji5r-PVzKdWtXpGFBwrUsvNbmR/view?usp=drivesdk | AG72: https://drive.google.com/file/d/1higsIKBDMSqR5wytlOMo2TtMpXaZx1Zr/view?usp=drivesdk | AH72: msyazwik@gmail.com | AJ72: https://drive.google.com/file/d/1higsIKBDMSqR5wytlOMo2TtMpXaZx1Zr/view?usp=drivesdk | AK72: https://drive.google.com/file/d/1-LczRe1iIyRFvpueS7wRczAN6cM17WZk/view?usp=drivesdk | AL72: PENOLONG PEGAWAI PERANCANG BANDAR DAN DESA
A73: 45969.507 | B73: BINAAN LUAR | C73: Walkway/Pedestrian/Footpath | D73: SG03A – PEDESTRIAN DIRECTIONAL FLAG SINAGE ON STREET | E73: {=IFERROR(XLOOKUP(D73, MASTER_KOMPONEN!A:A, MASTER_KOMPONEN!G:G, ""), "")} -> SIGNAGE | F73: 277 | G73: A | H73: 8 | I73: 7 | J73: ARAS LANTAI | K73: 00 | L73: ROL P7 - ZON 6 | M73: 06 | N73: 1 | O73: 0001 | P73: 0001 | Q73: A0807.0001-0001 | R73: 1101164MYS.140005.BG0002.TA0112.01.00.06.277 | S73: 101.69545 | T73: 3.1437744, | U73: https://drive.google.com/uc?export=view&id=1F5zqHRo-j5F4TRsTbx6UQWR96PGRJfd7 | X73: MUHAMAD ASYRAF IRFAN BIN MUHAMAD KAMIL | Y73: ayapdbkl@gmail.com | AA73: TA0112 | AC73: AKTIF | AD73: MUHAMMAD SYAZWI BIN KHUSAIRI | AE73: JURUTERA AWAM, J9 | AF73: https://drive.google.com/file/d/1giZSBVji5r-PVzKdWtXpGFBwrUsvNbmR/view?usp=drivesdk | AG73: https://drive.google.com/file/d/1higsIKBDMSqR5wytlOMo2TtMpXaZx1Zr/view?usp=drivesdk | AH73: msyazwik@gmail.com | AJ73: https://drive.google.com/file/d/1higsIKBDMSqR5wytlOMo2TtMpXaZx1Zr/view?usp=drivesdk | AK73: https://drive.google.com/file/d/13NZr-Mko7Bf_mk-dSOuaslETpnWsFkC6/view?usp=drivesdk | AL73: PENOLONG PEGAWAI PERANCANG BANDAR DAN DESA
A74: 45969.517 | B74: BINAAN LUAR | C74: Walkway/Pedestrian/Footpath | D74: LT04.1 - UPLIGHT TYPE 01 IGUZZINI | E74: {=IFERROR(XLOOKUP(D74, MASTER_KOMPONEN!A:A, MASTER_KOMPONEN!G:G, ""), "")} -> WALKWAY LIGHTING | F74: 322 | G74: E | H74: 14 | I74: 11 | J74: ARAS LANTAI | K74: 00 | L74: ROL P7 - ZON 6 | M74: 06 | N74: 68 | O74: 0001 | P74: 0068 | Q74: E1411.0001-0068 | R74: 1101164MYS.140005.BG0002.TA0112.68.00.06.322 | S74: 101.69522 | T74: 3.1430036 | U74: https://drive.google.com/uc?export=view&id=1e9n1pOCXUR3llNCOw1J3CIf_dZR_usgM | X74: MUHAMAD ASYRAF IRFAN BIN MUHAMAD KAMIL | Y74: ayapdbkl@gmail.com | AA74: TA0112 | AC74: AKTIF | AD74: MUHAMMAD SYAZWI BIN KHUSAIRI | AE74: JURUTERA AWAM, J9 | AF74: https://drive.google.com/file/d/1giZSBVji5r-PVzKdWtXpGFBwrUsvNbmR/view?usp=drivesdk | AG74: https://drive.google.com/file/d/1higsIKBDMSqR5wytlOMo2TtMpXaZx1Zr/view?usp=drivesdk | AH74: msyazwik@gmail.com | AJ74: https://drive.google.com/file/d/1higsIKBDMSqR5wytlOMo2TtMpXaZx1Zr/view?usp=drivesdk | AK74: https://drive.google.com/file/d/1zjBb3M9MBlZY5iSAol5LxmGeYaKzcwDs/view?usp=drivesdk | AL74: PENOLONG PEGAWAI PERANCANG BANDAR DAN DESA
A75: 45969.518 | B75: BINAAN LUAR | C75: Walkway/Pedestrian/Footpath | D75: RAILING TYPE 13 - WITH HANDRAIL (HOT-DIPPED GALVANISED VERTICAL STEEL FREAM W INTEGRATED HANDRAIL) | E75: {=IFERROR(XLOOKUP(D75, MASTER_KOMPONEN!A:A, MASTER_KOMPONEN!G:G, ""), "")} -> RAILING | F75: 195 | G75: A | H75: 9 | I75: 1 | J75: ARAS LANTAI | K75: 00 | L75: ROL P7 - ZON 6 | M75: 06 | N75: 1 | O75: 0001 | P75: 0001 | Q75: A0901.0001-0001 | R75: 1101164MYS.140005.BG0002.TA0112.01.00.06.195 | S75: 101.69522 | T75: 3.1414248176398765, | U75: https://drive.google.com/uc?export=view&id=1X-mXjVRyZQI6DJQG9jq01-WTQ-GKSJjK | X75: MUHAMAD ASYRAF IRFAN BIN MUHAMAD KAMIL | Y75: ayapdbkl@gmail.com | AA75: TA0112 | AC75: AKTIF | AD75: MUHAMMAD SYAZWI BIN KHUSAIRI | AE75: JURUTERA AWAM, J9 | AF75: https://drive.google.com/file/d/1giZSBVji5r-PVzKdWtXpGFBwrUsvNbmR/view?usp=drivesdk | AG75: https://drive.google.com/file/d/1higsIKBDMSqR5wytlOMo2TtMpXaZx1Zr/view?usp=drivesdk | AH75: msyazwik@gmail.com | AJ75: https://drive.google.com/file/d/1higsIKBDMSqR5wytlOMo2TtMpXaZx1Zr/view?usp=drivesdk | AK75: https://drive.google.com/file/d/1VQDyYAf6SFVLAt6y3ok7vLlse8pUgWY2/view?usp=drivesdk | AL75: PENOLONG PEGAWAI PERANCANG BANDAR DAN DESA
A76: 45969.521 | B76: BINAAN LUAR | C76: Walkway/Pedestrian/Footpath | D76: HIASAN LANDSKAP | E76: {=IFERROR(XLOOKUP(D76, MASTER_KOMPONEN!A:A, MASTER_KOMPONEN!G:G, ""), "")} -> LANDSCAPE | F76: 9 | G76: A | H76: 9 | I76: 2 | J76: ARAS LANTAI | K76: 00 | L76: ROL P7 - ZON 6 | M76: 06 | N76: 1 | O76: 0001 | P76: 0001 | Q76: A0902.0001-0001 | R76: 1101164MYS.140005.BG0002.TA0112.01.00.06.9 | S76: 101.69539 | T76: 3.140978134271513, | U76: https://drive.google.com/uc?export=view&id=16373FdtUnvVVqSAtd35VsYeNY3ffk2UK | X76: MUHAMAD ASYRAF IRFAN BIN MUHAMAD KAMIL | Y76: ayapdbkl@gmail.com | AA76: TA0112 | AC76: AKTIF | AD76: MUHAMMAD SYAZWI BIN KHUSAIRI | AE76: JURUTERA AWAM, J9 | AF76: https://drive.google.com/file/d/1giZSBVji5r-PVzKdWtXpGFBwrUsvNbmR/view?usp=drivesdk | AG76: https://drive.google.com/file/d/1higsIKBDMSqR5wytlOMo2TtMpXaZx1Zr/view?usp=drivesdk | AH76: msyazwik@gmail.com | AJ76: https://drive.google.com/file/d/1higsIKBDMSqR5wytlOMo2TtMpXaZx1Zr/view?usp=drivesdk | AK76: https://drive.google.com/file/d/1n3L4tCD4VffsU6A5__rEa5xyaZdQhwjB/view?usp=drivesdk | AL76: PENOLONG PEGAWAI PERANCANG BANDAR DAN DESA
A77: 45969.521 | B77: BINAAN LUAR | C77: Landscape | D77: FF01.11– BENCH TYPE 11A ESCOFET SOCRATES | E77: {=IFERROR(XLOOKUP(D77, MASTER_KOMPONEN!A:A, MASTER_KOMPONEN!G:G, ""), "")} -> BENCHES | F77: 214 | G77: A | H77: 9 | I77: 1 | J77: ARAS LANTAI | K77: 00 | L77: ROL P7 - ZON 6 | M77: 06 | N77: 1 | O77: 0001 | P77: 0001 | Q77: A0901.0001-0001 | R77: 1101164MYS.140005.BG0002.BG0410.01.00.06.214 | S77: 101.69539 | T77: 3.140978134271513, | U77: https://drive.google.com/uc?export=view&id=1Mf7Ivcq16HCyg9PTp7gUxIEJtL3TKxSJ | X77: MUHAMAD ASYRAF IRFAN BIN MUHAMAD KAMIL | Y77: ayapdbkl@gmail.com | AA77: BG0410 | AC77: AKTIF | AD77: MUHAMMAD SYAZWI BIN KHUSAIRI | AE77: JURUTERA AWAM, J9 | AF77: https://drive.google.com/file/d/1giZSBVji5r-PVzKdWtXpGFBwrUsvNbmR/view?usp=drivesdk | AG77: https://drive.google.com/file/d/1higsIKBDMSqR5wytlOMo2TtMpXaZx1Zr/view?usp=drivesdk | AH77: msyazwik@gmail.com | AJ77: https://drive.google.com/file/d/1higsIKBDMSqR5wytlOMo2TtMpXaZx1Zr/view?usp=drivesdk | AK77: https://drive.google.com/file/d/192WZ9wMLumg-I_3y5fQKmkzYrzu8lMNN/view?usp=drivesdk | AL77: PENOLONG PEGAWAI PERANCANG BANDAR DAN DESA
A78: 45969.522 | B78: BINAAN LUAR | C78: Walkway/Pedestrian/Footpath | D78: CCTV | E78: {=IFERROR(XLOOKUP(D78, MASTER_KOMPONEN!A:A, MASTER_KOMPONEN!G:G, ""), "")} -> CCTV | F78: 345 | G78: T | H78: 37 | I78: 3 | J78: ARAS LANTAI | K78: 00 | L78: ROL P7 - ZON 6 | M78: 06 | N78: 1 | O78: 0001 | P78: 0001 | Q78: T3703.0001-0001 | R78: 1101164MYS.140005.BG0002.TA0112.01.00.06.345 | S78: 101.69544 | T78: 3.1415409671264687, | U78: https://drive.google.com/uc?export=view&id=1Z0KivAcjbOUaZUzh6OzeKHAy4vMqTUIF | X78: MUHAMAD ASYRAF IRFAN BIN MUHAMAD KAMIL | Y78: ayapdbkl@gmail.com | AA78: TA0112 | AC78: AKTIF | AD78: MUHAMMAD SYAZWI BIN KHUSAIRI | AE78: JURUTERA AWAM, J9 | AF78: https://drive.google.com/file/d/1giZSBVji5r-PVzKdWtXpGFBwrUsvNbmR/view?usp=drivesdk | AG78: https://drive.google.com/file/d/1higsIKBDMSqR5wytlOMo2TtMpXaZx1Zr/view?usp=drivesdk | AH78: msyazwik@gmail.com | AJ78: https://drive.google.com/file/d/1higsIKBDMSqR5wytlOMo2TtMpXaZx1Zr/view?usp=drivesdk | AK78: https://drive.google.com/file/d/1xMCfkcFtNh4SONjEABAr75-sgOfpmOge/view?usp=drivesdk | AL78: PENOLONG PEGAWAI PERANCANG BANDAR DAN DESA
A79: 45969.524 | B79: BINAAN LUAR | C79: Walkway/Pedestrian/Footpath | D79: LT02.2 - PEDESTRIAN LIGHT TYPE 02 IGUZZINI CUSTOM DESIGN (SINGLE SIDE) | E79: {=IFERROR(XLOOKUP(D79, MASTER_KOMPONEN!A:A, MASTER_KOMPONEN!G:G, ""), "")} -> WALKWAY LIGHTING | F79: 311 | G79: E | H79: 14 | I79: 10 | J79: ARAS LANTAI | K79: 00 | L79: ROL P7 - ZON 6 | M79: 06 | N79: 4 | O79: 0001 | P79: 0004 | Q79: E1410.0001-0004 | R79: 1101164MYS.140005.BG0002.TA0112.04.00.06.311 | S79: 101.69538 | T79: 3.1414367100754217, | U79: https://drive.google.com/uc?export=view&id=1NtO4yYw0nceK-_3xgNPAGh36Oaou11Hf | X79: MUHAMAD ASYRAF IRFAN BIN MUHAMAD KAMIL | Y79: ayapdbkl@gmail.com | AA79: TA0112 | AC79: AKTIF | AD79: MUHAMMAD SYAZWI BIN KHUSAIRI | AE79: JURUTERA AWAM, J9 | AF79: https://drive.google.com/file/d/1giZSBVji5r-PVzKdWtXpGFBwrUsvNbmR/view?usp=drivesdk | AG79: https://drive.google.com/file/d/1higsIKBDMSqR5wytlOMo2TtMpXaZx1Zr/view?usp=drivesdk | AH79: msyazwik@gmail.com | AJ79: https://drive.google.com/file/d/1higsIKBDMSqR5wytlOMo2TtMpXaZx1Zr/view?usp=drivesdk | AK79: https://drive.google.com/file/d/14DVUCc8elaRsEsviSGtAEK90WOBtE2F7/view?usp=drivesdk | AL79: PENOLONG PEGAWAI PERANCANG BANDAR DAN DESA
A80: 45999.634 | B80: BINAAN LUAR | C80: Landscape | D80: FF09.4 – TREE GRATE TYPE 04 | E80: {=IFERROR(XLOOKUP(D80, MASTER_KOMPONEN!A:A, MASTER_KOMPONEN!G:G, ""), "")} -> LANDSCAPE | F80: 258 | G80: A | H80: 9 | I80: 1 | J80: ARAS LANTAI | K80: 00 | L80: ROL P7 - ZON 4 | M80: 04 | N80: 6 | O80: 0007 | P80: 0012 | Q80: A0901.0007-0012 | R80: 1101164MYS.140005.BG0002.BG0410.06.00.04.258 | S80: 101.69455 | T80: 3.149565443332548, | U80: https://drive.google.com/uc?export=view&id=1wVI3B4D_44juvV72pcXINpSq-EQlEyrb | X80: MOHD YAZID BIN JAHARI | Y80: yaziddbkl@gmail.com | AA80: BG0410 | AC80: AKTIF | AD80: MUHAMMAD SYAZWI BIN KHUSAIRI | AE80: JURUTERA AWAM, J9 | AF80: https://drive.google.com/file/d/17N6scyltml3TkIDU8BTXsljgeOy0_LG0/view?usp=drivesdk | AG80: https://drive.google.com/file/d/1higsIKBDMSqR5wytlOMo2TtMpXaZx1Zr/view?usp=drivesdk | AH80: msyazwik@gmail.com | AJ80: https://drive.google.com/file/d/1higsIKBDMSqR5wytlOMo2TtMpXaZx1Zr/view?usp=drivesdk | AK80: https://drive.google.com/file/d/13ahYF_7276zb8j-KMODZjR0dCmAGlZ5R/view?usp=drivesdk | AL80: PENOLONG PEGAWAI SENIBINA
A81: 45999.636 | B81: BINAAN LUAR | C81: Walkway/Pedestrian/Footpath | D81: SG03A – PEDESTRIAN DIRECTIONAL FLAG SINAGE ON STREET | E81: {=IFERROR(XLOOKUP(D81, MASTER_KOMPONEN!A:A, MASTER_KOMPONEN!G:G, ""), "")} -> SIGNAGE | F81: 277 | G81: A | H81: 8 | I81: 7 | J81: ARAS LANTAI | K81: 00 | L81: ROL P7 - ZON 4 | M81: 04 | N81: 1 | O81: 0001 | P81: 0001 | Q81: A0807.0001-0001 | R81: 1101164MYS.140005.BG0002.TA0112.01.00.04.277 | S81: 101.69465 | T81: 3.149581888739626, | U81: https://drive.google.com/uc?export=view&id=1hJOSpIqp708KvWMBMejO8o9sGcg81WOP | X81: MOHD YAZID BIN JAHARI | Y81: yaziddbkl@gmail.com | AA81: TA0112 | AC81: AKTIF | AD81: MUHAMMAD SYAZWI BIN KHUSAIRI | AE81: JURUTERA AWAM, J9 | AF81: https://drive.google.com/file/d/17N6scyltml3TkIDU8BTXsljgeOy0_LG0/view?usp=drivesdk | AG81: https://drive.google.com/file/d/1higsIKBDMSqR5wytlOMo2TtMpXaZx1Zr/view?usp=drivesdk | AH81: msyazwik@gmail.com | AJ81: https://drive.google.com/file/d/1higsIKBDMSqR5wytlOMo2TtMpXaZx1Zr/view?usp=drivesdk | AK81: https://drive.google.com/file/d/1__ixfWhg335oj7XLLpK6Ke-rvqoyWKxJ/view?usp=drivesdk | AL81: PENOLONG PEGAWAI SENIBINA
A82: 45999.638 | B82: BINAAN LUAR | C82: Walkway/Pedestrian/Footpath | D82: SG03B – PEDESTRIAN DIRECTIONAL TOTEM | E82: {=IFERROR(XLOOKUP(D82, MASTER_KOMPONEN!A:A, MASTER_KOMPONEN!G:G, ""), "")} -> SIGNAGE | F82: 278 | G82: A | H82: 8 | I82: 7 | J82: ARAS LANTAI | K82: 00 | L82: ROL P7 - ZON 4 | M82: 04 | N82: 1 | O82: 0001 | P82: 0001 | Q82: A0807.0001-0001 | R82: 1101164MYS.140005.BG0002.TA0112.01.00.04.278 | S82: 101.69461 | T82: 3.1495236974063108, | U82: https://drive.google.com/uc?export=view&id=1A0ZNBv2Dk6G-v13EqiHAU6IKU_DdZYFs | X82: MUHD AZMI BIN YUSUF | Y82: muhamadazmibinyusuf@gmail.com | AA82: TA0112 | AC82: AKTIF | AD82: MUHAMMAD SYAZWI BIN KHUSAIRI | AE82: JURUTERA AWAM, J9 | AG82: https://drive.google.com/file/d/1higsIKBDMSqR5wytlOMo2TtMpXaZx1Zr/view?usp=drivesdk | AH82: msyazwik@gmail.com | AJ82: https://drive.google.com/file/d/1higsIKBDMSqR5wytlOMo2TtMpXaZx1Zr/view?usp=drivesdk | AK82: https://drive.google.com/file/d/1i0nbxTlnL1Y_Ms9CEMxRhR5HGemMQdtM/view?usp=drivesdk | AL82: PENOLONG JURUTERA
A83: 45999.647 | B83: BINAAN LUAR | C83: Walkway/Pedestrian/Footpath | D83: SG03C – PEDESTRIAN DIRECTIONAL TRAIL MARKER | E83: {=IFERROR(XLOOKUP(D83, MASTER_KOMPONEN!A:A, MASTER_KOMPONEN!G:G, ""), "")} -> SIGNAGE | F83: 279 | G83: A | H83: 8 | I83: 7 | J83: ARAS LANTAI | K83: 00 | L83: ROL P7 - ZON 4 | M83: 04 | N83: 1 | O83: 0001 | P83: 0001 | Q83: A0807.0001-0001 | R83: 1101164MYS.140005.BG0002.TA0112.01.00.04.279 | S83: 101.69475 | T83: 3.149489621795855, | U83: https://drive.google.com/uc?export=view&id=1YWYoZJ9v1JzQvzMn3XxT8cab75YZiJ0E | X83: MOHD YAZID BIN JAHARI | Y83: yaziddbkl@gmail.com | AA83: TA0112 | AC83: AKTIF | AD83: MUHAMMAD SYAZWI BIN KHUSAIRI | AE83: JURUTERA AWAM, J9 | AF83: https://drive.google.com/file/d/17N6scyltml3TkIDU8BTXsljgeOy0_LG0/view?usp=drivesdk | AG83: https://drive.google.com/file/d/1higsIKBDMSqR5wytlOMo2TtMpXaZx1Zr/view?usp=drivesdk | AH83: msyazwik@gmail.com | AJ83: https://drive.google.com/file/d/1higsIKBDMSqR5wytlOMo2TtMpXaZx1Zr/view?usp=drivesdk | AK83: https://drive.google.com/file/d/1sM_GUPMpMo7RGxYCAqE4vElOD1t18KUq/view?usp=drivesdk | AL83: PENOLONG PEGAWAI SENIBINA
A84: 45999.653 | B84: BINAAN LUAR | C84: Walkway/Pedestrian/Footpath | D84: SINAGE - GUIDING LIGHT | E84: {=IFERROR(XLOOKUP(D84, MASTER_KOMPONEN!A:A, MASTER_KOMPONEN!G:G, ""), "")} -> SIGNAGE | F84: 287 | G84: A | H84: 8 | I84: 7 | J84: ARAS LANTAI | K84: 00 | L84: ROL P7 - ZON 4 | M84: 04 | N84: 1 | O84: 0001 | P84: 0001 | Q84: A0807.0001-0001 | R84: 1101164MYS.140005.BG0002.TA0112.01.00.04.287 | S84: 101.69455 | T84: 3.149627417415827, | U84: https://drive.google.com/uc?export=view&id=1A0tl9boxog-sQnzMD3hhMbfHsI0chpfE | X84: MOHD YAZID BIN JAHARI | Y84: yaziddbkl@gmail.com | AA84: TA0112 | AC84: AKTIF | AD84: MUHAMMAD SYAZWI BIN KHUSAIRI | AE84: JURUTERA AWAM, J9 | AF84: https://drive.google.com/file/d/17N6scyltml3TkIDU8BTXsljgeOy0_LG0/view?usp=drivesdk | AG84: https://drive.google.com/file/d/1higsIKBDMSqR5wytlOMo2TtMpXaZx1Zr/view?usp=drivesdk | AH84: msyazwik@gmail.com | AJ84: https://drive.google.com/file/d/1higsIKBDMSqR5wytlOMo2TtMpXaZx1Zr/view?usp=drivesdk | AK84: https://drive.google.com/file/d/1spGEQ6ZLrxwbk5oVaeG5YvCqZX3NB-Bs/view?usp=drivesdk | AL84: PENOLONG PEGAWAI SENIBINA
A85: 45999.655 | B85: BINAAN LUAR | C85: Landscape | D85: FF01.11– BENCH TYPE 11A ESCOFET SOCRATES | E85: {=IFERROR(XLOOKUP(D85, MASTER_KOMPONEN!A:A, MASTER_KOMPONEN!G:G, ""), "")} -> BENCHES | F85: 214 | G85: A | H85: 9 | I85: 1 | J85: ARAS LANTAI | K85: 00 | L85: ROL P7 - ZON 4 | M85: 04 | N85: 2 | O85: 0003 | P85: 0004 | Q85: A0901.0003-0004 | R85: 1101164MYS.140005.BG0002.BG0410.02.00.04.214 | S85: 101.69455 | T85: 3.149627417415827, | U85: https://drive.google.com/uc?export=view&id=1d_rAtzDniNYzsW8QArlxcBHRRDYmP98p | X85: MOHD YAZID BIN JAHARI | Y85: yaziddbkl@gmail.com | AA85: BG0410 | AC85: AKTIF | AD85: MUHAMMAD SYAZWI BIN KHUSAIRI | AE85: JURUTERA AWAM, J9 | AF85: https://drive.google.com/file/d/17N6scyltml3TkIDU8BTXsljgeOy0_LG0/view?usp=drivesdk | AG85: https://drive.google.com/file/d/1higsIKBDMSqR5wytlOMo2TtMpXaZx1Zr/view?usp=drivesdk | AH85: msyazwik@gmail.com | AJ85: https://drive.google.com/file/d/1higsIKBDMSqR5wytlOMo2TtMpXaZx1Zr/view?usp=drivesdk | AK85: https://drive.google.com/file/d/1_fHWzHX0JnX8EZK-mYePeQCaDM2n7zcy/view?usp=drivesdk | AL85: PENOLONG PEGAWAI SENIBINA
A86: 45999.656 | B86: BINAAN LUAR | C86: Landscape | D86: FF02.1– PLANTER SEAT TYPE 01 WITHOUT BACKREST | E86: {=IFERROR(XLOOKUP(D86, MASTER_KOMPONEN!A:A, MASTER_KOMPONEN!G:G, ""), "")} -> BENCHES | F86: 242 | G86: A | H86: 9 | I86: 1 | J86: ARAS LANTAI | K86: 00 | L86: ROL P7 - ZON 4 | M86: 04 | N86: 1 | O86: 0002 | P86: 0002 | Q86: A0901.0002-0002 | R86: 1101164MYS.140005.BG0002.BG0410.01.00.04.242 | S86: 101.69503 | T86: 3.148737, | U86: https://drive.google.com/uc?export=view&id=1lym0ZYBYVgPZ3-0FjwdKYjQy7ZQqOAKG | X86: MOHD YAZID BIN JAHARI | Y86: yaziddbkl@gmail.com | AA86: BG0410 | AC86: AKTIF | AD86: MUHAMMAD SYAZWI BIN KHUSAIRI | AE86: JURUTERA AWAM, J9 | AF86: https://drive.google.com/file/d/17N6scyltml3TkIDU8BTXsljgeOy0_LG0/view?usp=drivesdk | AG86: https://drive.google.com/file/d/1higsIKBDMSqR5wytlOMo2TtMpXaZx1Zr/view?usp=drivesdk | AH86: msyazwik@gmail.com | AJ86: https://drive.google.com/file/d/1higsIKBDMSqR5wytlOMo2TtMpXaZx1Zr/view?usp=drivesdk | AK86: https://drive.google.com/file/d/1l0_ILfengsK2SETG4Oc8ynXrfnOvTC1p/view?usp=drivesdk | AL86: PENOLONG PEGAWAI SENIBINA
A87: 45999.662 | B87: BINAAN LUAR | C87: Walkway/Pedestrian/Footpath | D87: LT04.1 - UPLIGHT TYPE 01 IGUZZINI | E87: {=IFERROR(XLOOKUP(D87, MASTER_KOMPONEN!A:A, MASTER_KOMPONEN!G:G, ""), "")} -> WALKWAY LIGHTING | F87: 322 | G87: E | H87: 14 | I87: 11 | J87: ARAS LANTAI | K87: 00 | L87: ROL P7 - ZON 4 | M87: 04 | N87: 17 | O87: 0015 | P87: 0031 | Q87: E1411.0015-0031 | R87: 1101164MYS.140005.BG0002.TA0112.17.00.04.322 | S87: 101.69456 | T87: 3.1493856968612417, | U87: https://drive.google.com/uc?export=view&id=1d5i5GixiRAY4dl3M22b_U08FlSE6GoDm | X87: MOHD YAZID BIN JAHARI | Y87: yaziddbkl@gmail.com | AA87: TA0112 | AC87: AKTIF | AD87: MUHAMMAD SYAZWI BIN KHUSAIRI | AE87: JURUTERA AWAM, J9 | AF87: https://drive.google.com/file/d/17N6scyltml3TkIDU8BTXsljgeOy0_LG0/view?usp=drivesdk | AG87: https://drive.google.com/file/d/1higsIKBDMSqR5wytlOMo2TtMpXaZx1Zr/view?usp=drivesdk | AH87: msyazwik@gmail.com | AJ87: https://drive.google.com/file/d/1higsIKBDMSqR5wytlOMo2TtMpXaZx1Zr/view?usp=drivesdk | AK87: https://drive.google.com/file/d/1HU9LK01_lGb9_aUrVTKXN4ubUR_8ChGU/view?usp=drivesdk | AL87: PENOLONG PEGAWAI SENIBINA
A88: 45999.663 | B88: BINAAN LUAR | C88: Walkway/Pedestrian/Footpath | D88: LT04.3 - UPLIGHT TYPE 03 IGUZZINI | E88: {=IFERROR(XLOOKUP(D88, MASTER_KOMPONEN!A:A, MASTER_KOMPONEN!G:G, ""), "")} -> WALKWAY LIGHTING | F88: 324 | G88: E | H88: 14 | I88: 11 | J88: ARAS LANTAI | K88: 00 | L88: ROL P7 - ZON 4 | M88: 04 | N88: 8 | O88: 0005 | P88: 0012 | Q88: E1411.0005-0012 | R88: 1101164MYS.140005.BG0002.TA0112.08.00.04.324 | S88: 101.69473 | T88: 3.1494078084887467, | U88: https://drive.google.com/uc?export=view&id=1G0RoszAOQAzqbcF1IKObYjUwovPvtkUC | X88: MOHD YAZID BIN JAHARI | Y88: yaziddbkl@gmail.com | AA88: TA0112 | AC88: AKTIF | AD88: MUHAMMAD SYAZWI BIN KHUSAIRI | AE88: JURUTERA AWAM, J9 | AF88: https://drive.google.com/file/d/17N6scyltml3TkIDU8BTXsljgeOy0_LG0/view?usp=drivesdk | AG88: https://drive.google.com/file/d/1higsIKBDMSqR5wytlOMo2TtMpXaZx1Zr/view?usp=drivesdk | AH88: msyazwik@gmail.com | AJ88: https://drive.google.com/file/d/1higsIKBDMSqR5wytlOMo2TtMpXaZx1Zr/view?usp=drivesdk | AK88: https://drive.google.com/file/d/1rbCiskJVXdECafJeV67-cP2No4tJc4pt/view?usp=drivesdk | AL88: PENOLONG PEGAWAI SENIBINA
A89: 45999.681 | B89: BINAAN LUAR | C89: Cottage/ Wakaf | D89: LT04.3 - UPLIGHT TYPE 03 IGUZZINI | E89: {=IFERROR(XLOOKUP(D89, MASTER_KOMPONEN!A:A, MASTER_KOMPONEN!G:G, ""), "")} -> WALKWAY LIGHTING | F89: 324 | G89: E | H89: 14 | I89: 11 | J89: ARAS LANTAI | K89: 00 | L89: ROL P7 - ZON 4 | M89: 04 | N89: 10 | O89: 0013 | P89: 0022 | Q89: E1411.0013-0022 | R89: 1101164MYS.140005.BG0002.BG0092.10.00.04.324 | S89: 101.69454 | T89: 3.149577495041328, | U89: https://drive.google.com/uc?export=view&id=14Nqkjkhi3-Add6DmZbV_yFcSylqEMk2t | X89: MOHD YAZID BIN JAHARI | Y89: yaziddbkl@gmail.com | AA89: BG0092 | AC89: AKTIF | AD89: MUHAMMAD SYAZWI BIN KHUSAIRI | AE89: JURUTERA AWAM, J9 | AF89: https://drive.google.com/file/d/17N6scyltml3TkIDU8BTXsljgeOy0_LG0/view?usp=drivesdk | AG89: https://drive.google.com/file/d/1higsIKBDMSqR5wytlOMo2TtMpXaZx1Zr/view?usp=drivesdk | AH89: msyazwik@gmail.com | AJ89: https://drive.google.com/file/d/1higsIKBDMSqR5wytlOMo2TtMpXaZx1Zr/view?usp=drivesdk | AK89: https://drive.google.com/file/d/1hEC7ExN-ziESSnSGDwxX25RQOG2z3fCE/view?usp=drivesdk | AL89: PENOLONG PEGAWAI SENIBINA
A90: 45999.684 | B90: BINAAN LUAR | C90: Walkway/Pedestrian/Footpath | D90: CCTV | E90: {=IFERROR(XLOOKUP(D90, MASTER_KOMPONEN!A:A, MASTER_KOMPONEN!G:G, ""), "")} -> CCTV | F90: 345 | G90: T | H90: 37 | I90: 3 | J90: ARAS LANTAI | K90: 00 | L90: ROL P7 - ZON 4 | M90: 04 | N90: 1 | O90: 0001 | P90: 0001 | Q90: T3703.0001-0001 | R90: 1101164MYS.140005.BG0002.TA0112.01.00.04.345 | S90: 101.69452 | T90: 3.1494332509887704, | U90: https://drive.google.com/uc?export=view&id=19rKhot_7XRtftjfcrkE02d1xRKTzEM1s | X90: MOHD YAZID BIN JAHARI | Y90: yaziddbkl@gmail.com | AA90: TA0112 | AC90: AKTIF | AD90: MUHAMMAD SYAZWI BIN KHUSAIRI | AE90: JURUTERA AWAM, J9 | AF90: https://drive.google.com/file/d/17N6scyltml3TkIDU8BTXsljgeOy0_LG0/view?usp=drivesdk | AG90: https://drive.google.com/file/d/1higsIKBDMSqR5wytlOMo2TtMpXaZx1Zr/view?usp=drivesdk | AH90: msyazwik@gmail.com | AJ90: https://drive.google.com/file/d/1higsIKBDMSqR5wytlOMo2TtMpXaZx1Zr/view?usp=drivesdk | AK90: https://drive.google.com/file/d/10PMESaSk5P0fRUnSsLIAwHXHPYf8SZUc/view?usp=drivesdk | AL90: PENOLONG PEGAWAI SENIBINA
A91: 45999.686 | B91: BINAAN LUAR | C91: Walkway/Pedestrian/Footpath | D91: SINAGE - EXTERNAL SUB-DIRECTORY -ESD 02 | E91: {=IFERROR(XLOOKUP(D91, MASTER_KOMPONEN!A:A, MASTER_KOMPONEN!G:G, ""), "")} -> SIGNAGE | F91: 289 | G91: A | H91: 8 | I91: 7 | J91: ARAS LANTAI | K91: 00 | L91: ROL P7 - ZON 4 | M91: 04 | N91: 2 | O91: 0001 | P91: 0002 | Q91: A0807.0001-0002 | R91: 1101164MYS.140005.BG0002.TA0112.02.00.04.289 | S91: 101.69476 | T91: 3.148576, | U91: https://drive.google.com/uc?export=view&id=11YjNAmAMHtO8cjPXK0tU501chmyvI6_6 | X91: MOHD YAZID BIN JAHARI | Y91: yaziddbkl@gmail.com | AA91: TA0112 | AC91: AKTIF | AD91: MUHAMMAD SYAZWI BIN KHUSAIRI | AE91: JURUTERA AWAM, J9 | AF91: https://drive.google.com/file/d/17N6scyltml3TkIDU8BTXsljgeOy0_LG0/view?usp=drivesdk | AG91: https://drive.google.com/file/d/1higsIKBDMSqR5wytlOMo2TtMpXaZx1Zr/view?usp=drivesdk | AH91: msyazwik@gmail.com | AJ91: https://drive.google.com/file/d/1higsIKBDMSqR5wytlOMo2TtMpXaZx1Zr/view?usp=drivesdk | AK91: https://drive.google.com/file/d/12WwD1pwEC21t_d6M0siIN5V7vVZPUEF1/view?usp=drivesdk | AL91: PENOLONG PEGAWAI SENIBINA
A92: 45999.687 | B92: BINAAN LUAR | C92: Walkway/Pedestrian/Footpath | D92: LT04.3 - UPLIGHT TYPE 03 IGUZZINI | E92: {=IFERROR(XLOOKUP(D92, MASTER_KOMPONEN!A:A, MASTER_KOMPONEN!G:G, ""), "")} -> WALKWAY LIGHTING | F92: 324 | G92: E | H92: 14 | I92: 11 | J92: ARAS LANTAI | K92: 00 | L92: ROL P7 - ZON 4 | M92: 04 | N92: 13 | O92: 0023 | P92: 0035 | Q92: E1411.0023-0035 | R92: 1101164MYS.140005.BG0002.TA0112.13.00.04.324 | S92: 101.69448 | T92: 3.149446641778003, | U92: https://drive.google.com/uc?export=view&id=1knNBSVJCKczEhqabVYfUDHQ-V51BflHu | X92: MOHD YAZID BIN JAHARI | Y92: yaziddbkl@gmail.com | AA92: TA0112 | AC92: AKTIF | AD92: MUHAMMAD SYAZWI BIN KHUSAIRI | AE92: JURUTERA AWAM, J9 | AF92: https://drive.google.com/file/d/17N6scyltml3TkIDU8BTXsljgeOy0_LG0/view?usp=drivesdk | AG92: https://drive.google.com/file/d/1higsIKBDMSqR5wytlOMo2TtMpXaZx1Zr/view?usp=drivesdk | AH92: msyazwik@gmail.com | AJ92: https://drive.google.com/file/d/1higsIKBDMSqR5wytlOMo2TtMpXaZx1Zr/view?usp=drivesdk | AK92: https://drive.google.com/file/d/1nAZfAaC0WBl0izQTHX1nPBQKbea_ir2X/view?usp=drivesdk | AL92: PENOLONG PEGAWAI SENIBINA
A93: 45999.689 | B93: BINAAN LUAR | C93: Walkway/Pedestrian/Footpath | D93: DR02.8 – ACCESS COVER ON PAVING | E93: {=IFERROR(XLOOKUP(D93, MASTER_KOMPONEN!A:A, MASTER_KOMPONEN!G:G, ""), "")} -> DRAINAGE | F93: 181 | G93: A | H93: 2 | I93: 4 | J93: ARAS LANTAI | K93: 00 | L93: ROL P7 - ZON 4 | M93: 04 | N93: 7 | O93: 0001 | P93: 0007 | Q93: A0204.0001-0007 | R93: 1101164MYS.140005.BG0002.TA0112.07.00.04.181 | S93: 101.69461 | T93: 3.149610009392806, | U93: https://drive.google.com/uc?export=view&id=1VBOJzM4HPYzazAjzEazPdgy42ogbNkiU | X93: MOHD YAZID BIN JAHARI | Y93: yaziddbkl@gmail.com | AA93: TA0112 | AC93: AKTIF | AD93: MUHAMMAD SYAZWI BIN KHUSAIRI | AE93: JURUTERA AWAM, J9 | AF93: https://drive.google.com/file/d/17N6scyltml3TkIDU8BTXsljgeOy0_LG0/view?usp=drivesdk | AG93: https://drive.google.com/file/d/1higsIKBDMSqR5wytlOMo2TtMpXaZx1Zr/view?usp=drivesdk | AH93: msyazwik@gmail.com | AJ93: https://drive.google.com/file/d/1higsIKBDMSqR5wytlOMo2TtMpXaZx1Zr/view?usp=drivesdk | AK93: https://drive.google.com/file/d/1x8mJ_OSxVKP-xsiDSpQk-MlG4lIIgYif/view?usp=drivesdk | AL93: PENOLONG PEGAWAI SENIBINA
A94: 45999.69 | B94: BINAAN LUAR | C94: Walkway/Pedestrian/Footpath | D94: DR02.8 – ACCESS COVER ON PAVING | E94: {=IFERROR(XLOOKUP(D94, MASTER_KOMPONEN!A:A, MASTER_KOMPONEN!G:G, ""), "")} -> DRAINAGE | F94: 181 | G94: A | H94: 2 | I94: 4 | J94: ARAS LANTAI | K94: 00 | L94: ROL P7 - ZON 4 | M94: 04 | N94: 3 | O94: 0008 | P94: 0010 | Q94: A0204.0008-0010 | R94: 1101164MYS.140005.BG0002.TA0112.03.00.04.181 | S94: 101.69503 | T94: 3.148737, | U94: https://drive.google.com/uc?export=view&id=1v32SPGDqb3JmMC5ZfQ6wBPNaS66WG0zO | X94: MOHD YAZID BIN JAHARI | Y94: yaziddbkl@gmail.com | AA94: TA0112 | AC94: AKTIF | AD94: MUHAMMAD SYAZWI BIN KHUSAIRI | AE94: JURUTERA AWAM, J9 | AF94: https://drive.google.com/file/d/17N6scyltml3TkIDU8BTXsljgeOy0_LG0/view?usp=drivesdk | AG94: https://drive.google.com/file/d/1higsIKBDMSqR5wytlOMo2TtMpXaZx1Zr/view?usp=drivesdk | AH94: msyazwik@gmail.com | AJ94: https://drive.google.com/file/d/1higsIKBDMSqR5wytlOMo2TtMpXaZx1Zr/view?usp=drivesdk | AK94: https://drive.google.com/file/d/1mhYRHGatqI8PDQBAey94KILGlM5tn1DO/view?usp=drivesdk | AL94: PENOLONG PEGAWAI SENIBINA
... A103: 45882.615 | B103: BINAAN LUAR | C103: Walkway/Pedestrian/Footpath | D103: LT04.1 - UPLIGHT TYPE 01 IGUZZINI | E103: {=IFERROR(XLOOKUP(D103, MASTER_KOMPONEN!A:A, MASTER_KOMPONEN!G:G, ""), "")} -> WALKWAY LIGHTING | F103: 322 | G103: E | H103: 14 | I103: 11 | J103: ARAS LANTAI | K103: 00 | L103: ROL P7 - ZON 4 | M103: 04 | N103: 68 | O103: 0032 | P103: 0099 | Q103: E1411.0032-0099 | R103: 1101164MYS.140005.BG0002.TA0112.68.00.04.322 | S103: 101.69504 | T103: 3.1488320095536433, | U103: https://drive.google.com/uc?export=view&id=18qC638OQrkBi1fPSa5kO-y1jV2-rvLhY | X103: MOHD YAZID BIN JAHARI | Y103: yaziddbkl@gmail.com | AA103: TA0112 | AC103: AKTIF | AD103: MUHAMMAD SYAZWI BIN KHUSAIRI | AE103: JURUTERA AWAM, J9 | AF103: https://drive.google.com/file/d/17N6scyltml3TkIDU8BTXsljgeOy0_LG0/view?usp=drivesdk | AG103: https://drive.google.com/file/d/1higsIKBDMSqR5wytlOMo2TtMpXaZx1Zr/view?usp=drivesdk | AH103: msyazwik@gmail.com | AJ103: https://drive.google.com/file/d/1higsIKBDMSqR5wytlOMo2TtMpXaZx1Zr/view?usp=drivesdk | AK103: https://drive.google.com/file/d/1Fe68lE3lc3gjLkB3DFT5u_E4KwbGo2JX/view?usp=drivesdk | AL103: PENOLONG PEGAWAI SENIBINA
A104: 45882.632 | B104: BINAAN LUAR | C104: Walkway/Pedestrian/Footpath | D104: SG04A – INTERPRETIVE Z FOLD-FREE STANDING | E104: {=IFERROR(XLOOKUP(D104, MASTER_KOMPONEN!A:A, MASTER_KOMPONEN!G:G, ""), "")} -> SIGNAGE | F104: 281 | G104: A | H104: 8 | I104: 7 | J104: ARAS LANTAI | K104: 00 | L104: ROL P7 - ZON 2 | M104: 02 | N104: 1 | O104: 0001 | P104: 0001 | Q104: A0807.0001-0001 | R104: 1101164MYS.140005.BG0002.TA0112.01.00.02.281 | S104: 101.69479 | T104: 3.150317 | U104: https://drive.google.com/uc?export=view&id=1v5brKRLc-XSz0w0a1QDoFjIQCC3wcYeB | X104: NOR HASLINDA MUHAMAD | Y104: uculinda@gmail.com | AA104: TA0112 | AC104: AKTIF | AD104: MUHAMMAD SYAZWI BIN KHUSAIRI | AE104: JURUTERA AWAM, J9 | AF104: https://drive.google.com/file/d/1ardCeohvDrHKGsqw4Xrfwd-nJ-ZpINVm/view?usp=drivesdk | AG104: https://drive.google.com/file/d/1higsIKBDMSqR5wytlOMo2TtMpXaZx1Zr/view?usp=drivesdk | AH104: msyazwik@gmail.com | AJ104: https://drive.google.com/file/d/1higsIKBDMSqR5wytlOMo2TtMpXaZx1Zr/view?usp=drivesdk | AK104: https://drive.google.com/file/d/1oluFcgVLdqARyurETh_AqlFH10FnsQrs/view?usp=drivesdk | AL104: PENOLONG PEGAWAI SENIBINA
A105: 45882.644 | B105: BINAAN LUAR | C105: Landscape | D105: FF01.26– BENCH TYPE 26 CUSTOM | E105: {=IFERROR(XLOOKUP(D105, MASTER_KOMPONEN!A:A, MASTER_KOMPONEN!G:G, ""), "")} -> BENCHES | F105: 234 | G105: A | H105: 9 | I105: 1 | J105: ARAS LANTAI | K105: 00 | L105: ROL P7 - ZON 2 | M105: 02 | N105: 1 | O105: 0001 | P105: 0001 | Q105: A0901.0001-0001 | R105: 1101164MYS.140005.BG0002.BG0410.01.00.02.234 | S105: 101.69486 | T105: 3.150345, | U105: https://drive.google.com/uc?export=view&id=17h5UkWt9D0rEKqVXgJZIffM7JCLS37ca | X105: NOR HASLINDA MUHAMAD | Y105: uculinda@gmail.com | AA105: BG0410 | AC105: AKTIF | AD105: MUHAMMAD SYAZWI BIN KHUSAIRI | AE105: JURUTERA AWAM, J9 | AF105: https://drive.google.com/file/d/1ardCeohvDrHKGsqw4Xrfwd-nJ-ZpINVm/view?usp=drivesdk | AG105: https://drive.google.com/file/d/1higsIKBDMSqR5wytlOMo2TtMpXaZx1Zr/view?usp=drivesdk | AH105: msyazwik@gmail.com | AJ105: https://drive.google.com/file/d/1higsIKBDMSqR5wytlOMo2TtMpXaZx1Zr/view?usp=drivesdk | AK105: https://drive.google.com/file/d/1WTZ3Nmd_ql93ZIR3favOIZ1U82aTp5P5/view?usp=drivesdk | AL105: PENOLONG PEGAWAI SENIBINA
A106: 45882.652 | B106: BINAAN LUAR | C106: Walkway/Pedestrian/Footpath | D106: BOLLARD (OKU) | E106: {=IFERROR(XLOOKUP(D106, MASTER_KOMPONEN!A:A, MASTER_KOMPONEN!G:G, ""), "")} -> BOLLARD | F106: 254 | G106: A | H106: 9 | I106: 1 | J106: ARAS LANTAI | K106: 00 | L106: ROL P7 - ZON 2 | M106: 02 | N106: 4 | O106: 0001 | P106: 0004 | Q106: A0901.0001-0004 | R106: 1101164MYS.140005.BG0002.TA0112.04.00.02.254 | S106: 101.69593 | T106: 3.149864 | U106: https://drive.google.com/uc?export=view&id=1eJ3k2HegSsszf5TvViCnbkgwGV9Y9VsV | X106: NOR HASLINDA MUHAMAD | Y106: uculinda@gmail.com | AA106: TA0112 | AC106: AKTIF | AD106: MUHAMMAD SYAZWI BIN KHUSAIRI | AE106: JURUTERA AWAM, J9 | AF106: https://drive.google.com/file/d/1ardCeohvDrHKGsqw4Xrfwd-nJ-ZpINVm/view?usp=drivesdk | AG106: https://drive.google.com/file/d/1higsIKBDMSqR5wytlOMo2TtMpXaZx1Zr/view?usp=drivesdk | AH106: msyazwik@gmail.com | AJ106: https://drive.google.com/file/d/1higsIKBDMSqR5wytlOMo2TtMpXaZx1Zr/view?usp=drivesdk | AK106: https://drive.google.com/file/d/1thp15AlP5-KNSkJ3ZFxYynpGAHuO-U2Z/view?usp=drivesdk | AL106: PENOLONG PEGAWAI SENIBINA
A107: 45882.657 | B107: BINAAN LUAR | C107: Landscape | D107: FF03.2 – BIN TYPE 02 | E107: {=IFERROR(XLOOKUP(D107, MASTER_KOMPONEN!A:A, MASTER_KOMPONEN!G:G, ""), "")} -> BIN | F107: 246 | G107: A | H107: 9 | I107: 1 | J107: ARAS LANTAI | K107: 00 | L107: ROL P7 - ZON 2 | M107: 02 | N107: 1 | O107: 0001 | P107: 0001 | Q107: A0901.0001-0001 | R107: 1101164MYS.140005.BG0002.BG0410.01.00.02.246 | S107: 101.69592 | T107: 3.149511, | U107: https://drive.google.com/uc?export=view&id=1hj-6cVZoVmtRFmLqr5n3-6_7SJLVvTDW | X107: NOR HASLINDA MUHAMAD | Y107: uculinda@gmail.com | AA107: BG0410 | AC107: AKTIF | AD107: MUHAMMAD SYAZWI BIN KHUSAIRI | AE107: JURUTERA AWAM, J9 | AF107: https://drive.google.com/file/d/1ardCeohvDrHKGsqw4Xrfwd-nJ-ZpINVm/view?usp=drivesdk | AG107: https://drive.google.com/file/d/1higsIKBDMSqR5wytlOMo2TtMpXaZx1Zr/view?usp=drivesdk | AH107: msyazwik@gmail.com | AJ107: https://drive.google.com/file/d/1higsIKBDMSqR5wytlOMo2TtMpXaZx1Zr/view?usp=drivesdk | AK107: https://drive.google.com/file/d/1Z05NJyY1j18eOLh63e2Or6QgXbjQV9kA/view?usp=drivesdk | AL107: PENOLONG PEGAWAI SENIBINA
A108: 45882.661 | B108: BINAAN LUAR | C108: Landscape | D108: SINAGE - EXTERNAL SUB-DIRECTORY -ESD 02 | E108: {=IFERROR(XLOOKUP(D108, MASTER_KOMPONEN!A:A, MASTER_KOMPONEN!G:G, ""), "")} -> SIGNAGE | F108: 289 | G108: A | H108: 8 | I108: 7 | J108: ARAS LANTAI | K108: 00 | L108: ROL P7 - ZON 2 | M108: 02 | N108: 1 | O108: 0001 | P108: 0001 | Q108: A0807.0001-0001 | R108: 1101164MYS.140005.BG0002.BG0410.01.00.02.289 | S108: 101.69479 | T108: 3.150317 | U108: https://drive.google.com/uc?export=view&id=1xJcvRh6xk7_xfqozOhQFAtOvj3myOQJi | X108: NOR HASLINDA MUHAMAD | Y108: uculinda@gmail.com | AA108: BG0410 | AC108: AKTIF | AD108: MUHAMMAD SYAZWI BIN KHUSAIRI | AE108: JURUTERA AWAM, J9 | AF108: https://drive.google.com/file/d/1ardCeohvDrHKGsqw4Xrfwd-nJ-ZpINVm/view?usp=drivesdk | AG108: https://drive.google.com/file/d/1higsIKBDMSqR5wytlOMo2TtMpXaZx1Zr/view?usp=drivesdk | AH108: msyazwik@gmail.com | AJ108: https://drive.google.com/file/d/1higsIKBDMSqR5wytlOMo2TtMpXaZx1Zr/view?usp=drivesdk | AK108: https://drive.google.com/file/d/1ruaAbxNuvEaCW1phM_odCbMhgw9jeL3q/view?usp=drivesdk | AL108: PENOLONG PEGAWAI SENIBINA
A109: 45882.662 | B109: BINAAN LUAR | C109: Landscape | D109: SIGNAGE - INFROMATION STANDARD RIVEL OF LIFE | E109: {=IFERROR(XLOOKUP(D109, MASTER_KOMPONEN!A:A, MASTER_KOMPONEN!G:G, ""), "")} | F109: 290 | G109: A | H109: 8 | I109: 7 | J109: ARAS LANTAI | K109: 00 | L109: ROL P7 - ZON 2 | M109: 02 | N109: 1 | O109: 0001 | P109: 0001 | Q109: A0807.0001-0001 | R109: 1101164MYS.140005.BG0002.BG0410.01.00.02.290 | S109: 101.69479 | T109: 3.150317 | U109: https://drive.google.com/uc?export=view&id=1E4VuXdXKW_a0IQgRrV3DILs83Vb1WfQt | X109: NOR HASLINDA MUHAMAD | Y109: uculinda@gmail.com | AA109: BG0410 | AC109: AKTIF | AD109: MUHAMMAD SYAZWI BIN KHUSAIRI | AE109: JURUTERA AWAM, J9 | AF109: https://drive.google.com/file/d/1ardCeohvDrHKGsqw4Xrfwd-nJ-ZpINVm/view?usp=drivesdk | AG109: https://drive.google.com/file/d/1higsIKBDMSqR5wytlOMo2TtMpXaZx1Zr/view?usp=drivesdk | AH109: msyazwik@gmail.com | AJ109: https://drive.google.com/file/d/1higsIKBDMSqR5wytlOMo2TtMpXaZx1Zr/view?usp=drivesdk | AK109: https://drive.google.com/file/d/1sdQVF7bDJz2D8rFVwX5yl_aRt3P6Cenb/view?usp=drivesdk | AL109: PENOLONG PEGAWAI SENIBINA
A110: 45882.673 | B110: BINAAN LUAR | C110: Walkway/Pedestrian/Footpath | D110: SG03A – PEDESTRIAN DIRECTIONAL FLAG SINAGE ON STREET | E110: {=IFERROR(XLOOKUP(D110, MASTER_KOMPONEN!A:A, MASTER_KOMPONEN!G:G, ""), "")} -> SIGNAGE | F110: 277 | G110: A | H110: 8 | I110: 7 | J110: ARAS LANTAI | K110: 00 | L110: ROL P7 - ZON 2 | M110: 02 | N110: 1 | O110: 0001 | P110: 0001 | Q110: A0807.0001-0001 | R110: 1101164MYS.140005.BG0002.TA0112.01.00.02.277 | S110: 101.69476 | T110: 3.150233, | U110: https://drive.google.com/uc?export=view&id=1NKOl2qjVVf4VeO1lo2Btyy0qD_-QnZA- | X110: NOR HASLINDA MUHAMAD | Y110: uculinda@gmail.com | AA110: TA0112 | AC110: AKTIF | AD110: MUHAMMAD SYAZWI BIN KHUSAIRI | AE110: JURUTERA AWAM, J9 | AF110: https://drive.google.com/file/d/1ardCeohvDrHKGsqw4Xrfwd-nJ-ZpINVm/view?usp=drivesdk | AG110: https://drive.google.com/file/d/1higsIKBDMSqR5wytlOMo2TtMpXaZx1Zr/view?usp=drivesdk | AH110: msyazwik@gmail.com | AJ110: https://drive.google.com/file/d/1higsIKBDMSqR5wytlOMo2TtMpXaZx1Zr/view?usp=drivesdk | AK110: https://drive.google.com/file/d/1ndyk0KCe-LkRDmEC5li6Ouf9vcLBYomG/view?usp=drivesdk | AL110: PENOLONG PEGAWAI SENIBINA
A111: 45882.684 | B111: BINAAN LUAR | C111: Walkway/Pedestrian/Footpath | D111: BM31 L3.3 - PEDESTRIAN LIGHT IGUZZINI | E111: {=IFERROR(XLOOKUP(D111, MASTER_KOMPONEN!A:A, MASTER_KOMPONEN!G:G, ""), "")} -> WALKWAY LIGHTING | F111: 344 | G111: E | H111: 14 | I111: 11 | J111: ARAS LANTAI | K111: 00 | L111: ROL P7 - ZON 4 | M111: 04 | N111: 3 | O111: 0001 | P111: 0003 | Q111: E1411.0001-0003 | R111: 1101164MYS.140005.BG0002.TA0112.03.00.04.344 | S111: 101.69487 | T111: 3.147181, | U111: https://drive.google.com/uc?export=view&id=12rMJU0XwUsujpratjWS2K0LOVbMn_QS1 | X111: MOHD YAZID BIN JAHARI | Y111: yaziddbkl@gmail.com | AA111: TA0112 | AC111: AKTIF | AD111: MUHAMMAD SYAZWI BIN KHUSAIRI | AE111: JURUTERA AWAM, J9 | AF111: https://drive.google.com/file/d/17N6scyltml3TkIDU8BTXsljgeOy0_LG0/view?usp=drivesdk | AG111: https://drive.google.com/file/d/1higsIKBDMSqR5wytlOMo2TtMpXaZx1Zr/view?usp=drivesdk | AH111: msyazwik@gmail.com | AJ111: https://drive.google.com/file/d/1higsIKBDMSqR5wytlOMo2TtMpXaZx1Zr/view?usp=drivesdk | AK111: https://drive.google.com/file/d/17Umhr_MCn51rdYI00JaIs_RBwt8Y4Lmi/view?usp=drivesdk | AL111: PENOLONG PEGAWAI SENIBINA
...

Sheet OLD_DATA
A1: Timestamp | B1: Email | C1: ZON ASET | D1: JENIS ASET | E1: KOMPONEN | F1: JENIS ASET | G1: BINAAN LUAR | H1: ARAS | I1: RUANG | J1: ID KOMPONEN | K1: Bidang Kejuruteraan | L1: Sistem | M1: Subsistem | N1: STATUS | O1: BILANGAN KOMPONEN | P1: UNIT | Q1: GAMBAR 1 | R1: KOORDINAT | S1: KOORDINAT X | T1: KOORDINAT Y
A2: 45785.441 | B2: azuansalwa5960@gmail.com | C2: P7 - ZON 1 | D2: BINAAN LUAR | E2: FF01.7– BENCH TYPE 07B FLOW BENCH | F2: BINAAN LUAR | G2: BG0410 | H2: 0 | I2: 1 | J2: 208 | K2: A | L2: 9 | M2: 1 | N2: AKTIF | O2: 2 | P2: UNIT/BUAH/NOS/SETS | Q2: https://drive.google.com/uc?export=view&id=14gxy8pHBhmnfjvLVikep0M0M__Fu_dRz | R2: 3°09'02.7"N 101°41'36.9"E | S2: 101°41'36.9"E | T2: 3°09'02.7"N
A3: 45785.443 | B3: azuansalwa5960@gmail.com | C3: P7 - ZON 1 | D3: BINAAN LUAR | E3: FF01.7 – BENCH TYPE 07A FLOW BENCH | F3: BINAAN LUAR | G3: BG0410 | H3: 0 | I3: 1 | J3: 207 | K3: A | L3: 9 | M3: 1 | N3: AKTIF | O3: 2 | P3: UNIT/BUAH/NOS/SETS | Q3: https://drive.google.com/uc?export=view&id=1LEajXLHX5yoE7G-74zHCksL5uDiYuMMm | R3: 3°09'02.7"N 101°41'36.9"E | S3: 101°41'36.9"E | T3: 3°09'02.7"N
A4: 45785.448 | B4: azuansalwa5960@gmail.com | C4: P7 - ZON 1 | D4: BINAAN LUAR | E4: SG05A – IDENTIFICATION MOUNTED SIGNAGE | F4: BINAAN LUAR | G4: BG0410 | H4: 0 | I4: 1 | J4: 284 | K4: A | L4: 8 | M4: 7 | N4: AKTIF | O4: 1 | P4: UNIT/BUAH/NOS/SETS | Q4: https://drive.google.com/uc?export=view&id=1sj9U0sNXGpBIiHnT4p5PPnoayMtcNQ4u | R4: 3°09'02.7"N 101°41'36.9"E | S4: 101°41'36.9"E | T4: 3°09'02.7"N
A5: 45816.438 | B5: khairulhamadi@gmail.com | C5: P7 - ZON 5 | D5: BINAAN LUAR | E5: FF03.2 – BIN TYPE 02 | F5: BINAAN LUAR | G5: BG0410 | H5: 0 | I5: 5 | J5: 246 | K5: A | L5: 9 | M5: 1 | N5: AKTIF | O5: 1 | P5: UNIT/BUAH/NOS/SETS | Q5: https://drive.google.com/uc?export=view&id=1e51aDsCbDPxMnijF5y8YfLlIb-goJKG5 | R5: 3.1472616 101.6944587 | S5: 101.69446 | T5: 3.1472616
A6: 45816.438 | B6: khairulhamadi@gmail.com | C6: P7 - ZON 5 | D6: BINAAN LUAR | E6: FF03.2 – BIN TYPE 02 | F6: BINAAN LUAR | G6: BG0410 | H6: 0 | I6: 5 | J6: 246 | K6: A | L6: 9 | M6: 1 | N6: AKTIF | O6: 1 | P6: UNIT/BUAH/NOS/SETS | Q6: https://drive.google.com/uc?export=view&id=1fT6RNzOqyVnAcaPCw7lCQpcuTQCh8yrz | R6: 3.1472616 101.6944587 | S6: 101.69446 | T6: 3.1472616
A7: 45816.448 | B7: yaziddbkl@gmail.com | C7: P7 - ZON 4 | D7: BINAAN LUAR | E7: SG01A – PRIMARY GATEWAY SINAGE | F7: BINAAN LUAR | G7: TA0112 | H7: 0 | I7: 4 | J7: 275 | K7: A | L7: 8 | M7: 7 | N7: AKTIF | O7: 1 | P7: UNIT/BUAH/NOS/SETS | Q7: https://drive.google.com/uc?export=view&id=15DwG6yS7XuN2NMRC8Rvpo0ydR63FqrCz | R7: 3.149628756494498 101.6946152332847 | S7: 101.69462 | T7: 3.1496288
A8: 45816.448 | B8: khairulhamadi@gmail.com | C8: P7 - ZON 5 | D8: BINAAN LUAR | E8: LT01.15 - STREET LIGHT TYPE 15 SCHREDER HESTIA LED WITH ATTACHED ELEMENTS (SINGLE LAMP) | F8: BINAAN LUAR | G8: TA0112 | H8: 0 | I8: 5 | J8: 305 | K8: E | L8: 14 | M8: 11 | N8: AKTIF | O8: 1 | P8: UNIT/BUAH/NOS/SETS | Q8: https://drive.google.com/uc?export=view&id=1lOgyIQpATRIxFxAZQu9_k5Z3Q0MpuS70 | R8: 3.1469195 101.6945814 | S8: 101.69458 | T8: 3.1469195
A9: 45816.45 | B9: khairulhamadi@gmail.com | C9: P7 - ZON 5 | D9: BINAAN LUAR | E9: LT01.15 - STREET LIGHT TYPE 15 SCHREDER HESTIA LED WITH ATTACHED ELEMENTS (SINGLE LAMP) | F9: BINAAN LUAR | G9: TA0112 | H9: 0 | I9: 5 | J9: 305 | K9: E | L9: 14 | M9: 11 | N9: AKTIF | O9: 1 | P9: UNIT/BUAH/NOS/SETS | Q9: https://drive.google.com/uc?export=view&id=17HYEvsjD1a25pH_0Qqu4n9ztSHY_gm3Z | R9: 3.1470493 101.6946043 | S9: 101.6946 | T9: 3.1470493
A10: 45816.453 | B10: yaziddbkl@gmail.com | C10: P7 - ZON 4 | D10: BINAAN LUAR | E10: LT04.1 - UPLIGHT TYPE 01 IGUZZINI | F10: BINAAN LUAR | G10: BG0410 | H10: 0 | I10: 4 | J10: 322 | K10: E | L10: 14 | M10: 11 | N10: AKTIF | O10: 14 | P10: UNIT/BUAH/NOS/SETS | Q10: https://drive.google.com/uc?export=view&id=1MtPlfm7Eg74usU2-E1Z_5VJHKQY6w-Sh | R10: 3.1495551071644683, 101.69457097683815 | S10: 101.69457 | T10: 3.1495551071644683,
A11: 45816.455 | B11: yaziddbkl@gmail.com | C11: P7 - ZON 4 | D11: BINAAN LUAR | E11: FF01.11– BENCH TYPE 11A ESCOFET SOCRATES | F11: BINAAN LUAR | G11: BG0410 | H11: 0 | I11: 4 | J11: 214 | K11: A | L11: 9 | M11: 1 | N11: AKTIF | O11: 2 | P11: UNIT/BUAH/NOS/SETS | Q11: https://drive.google.com/uc?export=view&id=14LdGh2pWa1ybzEA59FK128FdkvQO5hsS | R11: 3.1495551071644683, 101.69457097683815 | S11: 101.69457 | T11: 3.1495551071644683,
A12: 45816.457 | B12: yaziddbkl@gmail.com | C12: P7 - ZON 4 | D12: BINAAN LUAR | E12: LT04.3 - UPLIGHT TYPE 03 IGUZZINI | F12: BINAAN LUAR | G12: BG0410 | H12: 0 | I12: 4 | J12: 324 | K12: E | L12: 14 | M12: 11 | N12: AKTIF | O12: 4 | P12: UNIT/BUAH/NOS/SETS | Q12: https://drive.google.com/uc?export=view&id=1TdR9s9JnZ-GDywNzF8UGkfBq1C8ccWtY | R12: 3.1496234001797614, 101.6945629302115 | S12: 101.69456 | T12: 3.1496234001797614,
A13: 45816.459 | B13: yaziddbkl@gmail.com | C13: P7 - ZON 4 | D13: BINAAN LUAR | E13: FF09.4 – TREE GRATE TYPE 04 | F13: BINAAN LUAR | G13: BG0410 | H13: 0 | I13: 4 | J13: 258 | K13: A | L13: 9 | M13: 1 | N13: AKTIF | O13: 6 | P13: UNIT/BUAH/NOS/SETS | Q13: https://drive.google.com/uc?export=view&id=1ADQV6pP-ac5MKXyOHyGwvkpJyuDBC83f | R13: 3.14953368190383, 101.69465412531346 | S13: 101.69465 | T13: 3.14953368190383,
A14: 45816.462 | B14: yaziddbkl@gmail.com | C14: P7 - ZON 4 | D14: BINAAN LUAR | E14: FF02.1– PLANTER SEAT TYPE 01 WITHOUT BACKREST | F14: BINAAN LUAR | G14: BG0410 | H14: 0 | I14: 4 | J14: 242 | K14: A | L14: 9 | M14: 1 | N14: AKTIF | O14: 1 | P14: UNIT/BUAH/NOS/SETS | Q14: https://drive.google.com/uc?export=view&id=1b2esYBKHVyGNV67RZF4-oiIsxCiXDD7m | R14: 3.1496689288541435, 101.69459377561364 | S14: 101.69459 | T14: 3.1496689288541435,
A15: 45816.463 | B15: azuansalwa5960@gmail.com | C15: P7 - ZON 1 | D15: BINAAN LUAR | E15: FF02.1– PLANTER SEAT TYPE 01 WITHOUT BACKREST | F15: BINAAN LUAR | G15: BG0410 | H15: 0 | I15: 1 | J15: 242 | K15: A | L15: 9 | M15: 1 | N15: AKTIF | O15: 3 | P15: UNIT/BUAH/NOS/SETS | Q15: https://drive.google.com/uc?export=view&id=11qkBErlu3t9JqhpbxjPqMhljP8XbsSZt | R15: 3°09'02.7"N 101°41'36.9"E | S15: 101°41'36.9"E | T15: 3°09'02.7"N
A16: 45816.465 | B16: azuansalwa5960@gmail.com | C16: P7 - ZON 1 | D16: BINAAN LUAR | E16: FF01.11– BENCH TYPE 11A ESCOFET SOCRATES | F16: BINAAN LUAR | G16: BG0410 | H16: 0 | I16: 1 | J16: 214 | K16: A | L16: 9 | M16: 1 | N16: AKTIF | O16: 7 | P16: UNIT/BUAH/NOS/SETS | Q16: https://drive.google.com/uc?export=view&id=1c8Z-6PIjUvKCfVb1LLe4nuAJrBsomRZk | R16: 3°09'02.7"N 101°41'36.9"E | S16: 101°41'36.9"E | T16: 3°09'02.7"N
A17: 45816.467 | B17: yaziddbkl@gmail.com | C17: P7 - ZON 4 | D17: BINAAN LUAR | E17: RAILING TYPE 10 , 11 & 12 RIVERFRONT ALONG HERITAGE AREA | F17: BINAAN LUAR | G17: TA0112 | H17: 0 | I17: 4 | J17: 194 | K17: A | L17: 9 | M17: 1 | N17: AKTIF | O17: 1 | P17: UNIT/BUAH/NOS/SETS | Q17: https://drive.google.com/uc?export=view&id=1Y21CT-CdqGjnvisAXqu-vGcCP2C_RBbo | R17: 3.149552052544829, 101.69473550646923 | S17: 101.69474 | T17: 3.149552052544829,
A18: 45816.468 | B18: azuansalwa5960@gmail.com | C18: P7 - ZON 1 | D18: BINAAN LUAR | E18: FF03.2 – BIN TYPE 02 | F18: BINAAN LUAR | G18: BG0410 | H18: 0 | I18: 1 | J18: 246 | K18: A | L18: 9 | M18: 1 | N18: AKTIF | O18: 3 | P18: UNIT/BUAH/NOS/SETS | Q18: https://drive.google.com/uc?export=view&id=1z5jke2Dy4rYjOmx35P9xoDTtrvF4oAGC | R18: 3°09'03.5"N 101°41'39.1"E | S18: 101°41'39.1"E | T18: 3°09'03.5"N
A19: 45816.7 | B19: yaziddbkl@gmail.com | C19: P7 - ZON 4 | D19: BINAAN LUAR | E19: SG01A – PRIMARY GATEWAY SINAGE | F19: BINAAN LUAR | G19: TA0112 | H19: 0 | I19: 4 | J19: 275 | K19: A | L19: 8 | M19: 7 | N19: AKTIF | O19: 1 | P19: UNIT/BUAH/NOS/SETS | Q19: https://drive.google.com/uc?export=view&id=1HI8IkqHatdttbEYWbEMEU-T15LyhadMb | R19: 3.1494921704601193, 101.69471045169996 | S19: 101.69471 | T19: 3.1494921704601193,
A20: 45846.429 | B20: fatimahshokari@gmail.com | C20: P7 - ZON 5 | D20: BINAAN LUAR | E20: SG03B – PEDESTRIAN DIRECTIONAL TOTEM | F20: BINAAN LUAR | G20: TA0112 | H20: 0 | I20: 5 | J20: 278 | K20: A | L20: 8 | M20: 7 | N20: AKTIF | O20: 1 | P20: UNIT/BUAH/NOS/SETS | Q20: https://drive.google.com/uc?export=view&id=1HltMRknLc5wf8RQ3Hm5S4FEQBoFepq3v | R20: 3.1471577 101.6941637 | S20: 101.69416 | T20: 3.1471577
A21: 45846.433 | B21: fatimahshokari@gmail.com | C21: P7 - ZON 5 | D21: BINAAN LUAR | E21: LT01.15 - STREET LIGHT TYPE 15 SCHREDER HESTIA LED WITH ATTACHED ELEMENTS (SINGLE LAMP) | F21: BINAAN LUAR | G21: TA0112 | H21: 0 | I21: 5 | J21: 305 | K21: E | L21: 14 | M21: 11 | N21: AKTIF | O21: 1 | P21: UNIT/BUAH/NOS/SETS | Q21: https://drive.google.com/uc?export=view&id=1MEmEsyzrlwamdM9VUsl08djww5cdDjI6 | R21: 3.1470254 101.6949628 | S21: 101.69496 | T21: 3.1470254
A22: 45846.436 | B22: elyasdbkl@gmail.com | C22: P7 - ZON 5 | D22: BINAAN LUAR | E22: FF05.3– BOLLARD TYPE 03 FIXED | F22: BINAAN LUAR | G22: TA0112 | H22: 0 | I22: 5 | J22: 253 | K22: A | L22: 9 | M22: 1 | N22: AKTIF | O22: 2 | P22: UNIT/BUAH/NOS/SETS | Q22: https://drive.google.com/uc?export=view&id=1THbURAWn3RMEaidlIFWc820nVOi6b6Td | R22: 3.1471073 101.6948731 | S22: 101.69487 | T22: 3.1471073
A23: 45846.438 | B23: elyasdbkl@gmail.com | C23: P7 - ZON 5 | D23: BINAAN LUAR | E23: LT01.15 - STREET LIGHT TYPE 15 SCHREDER HESTIA LED WITH ATTACHED ELEMENTS (SINGLE LAMP) | F23: BINAAN LUAR | G23: TA0112 | H23: 0 | I23: 5 | J23: 305 | K23: E | L23: 14 | M23: 11 | N23: AKTIF | O23: 1 | P23: UNIT/BUAH/NOS/SETS | Q23: https://drive.google.com/uc?export=view&id=19XfhIEnXkWDVzt_w56Jtz_6dpcHiHw6Z | R23: 3.147003691534114 101.69498140568658 | S23: 101.69498 | T23: 3.1470037
A24: 45846.439 | B24: fatimahshokari@gmail.com | C24: P7 - ZON 5 | D24: BINAAN LUAR | E24: SG03B – PEDESTRIAN DIRECTIONAL TOTEM | F24: BINAAN LUAR | G24: TA0112 | H24: 0 | I24: 5 | J24: 278 | K24: A | L24: 8 | M24: 7 | N24: AKTIF | O24: 1 | P24: UNIT/BUAH/NOS/SETS | Q24: https://drive.google.com/uc?export=view&id=1ImJPokNy2nayuh7LC78B3poCZZ_Lx5bv | R24: 3.1471585,101.6947975 | S24: 101.6948 | T24: 3.1471585
A25: 45846.442 | B25: fatimahshokari@gmail.com | C25: P7 - ZON 5 | D25: BINAAN LUAR | E25: LT01.15 - STREET LIGHT TYPE 15 SCHREDER HESTIA LED WITH ATTACHED ELEMENTS (SINGLE LAMP) | F25: BINAAN LUAR | G25: TA0112 | H25: 0 | I25: 5 | J25: 305 | K25: E | L25: 14 | M25: 11 | N25: AKTIF | O25: 1 | P25: UNIT/BUAH/NOS/SETS | Q25: https://drive.google.com/uc?export=view&id=1fFQv9bewcsSgxbEwTL3Yk_p9A3-lXya8 | R25: 3.1469966,101.6951635 | S25: 101.69516 | T25: 3.1469966
A26: 45846.445 | B26: fatimahshokari@gmail.com | C26: P7 - ZON 5 | D26: BINAAN LUAR | E26: LT01.15 - STREET LIGHT TYPE 15 SCHREDER HESTIA LED WITH ATTACHED ELEMENTS (SINGLE LAMP) | F26: BINAAN LUAR | G26: TA0112 | H26: 0 | I26: 5 | J26: 305 | K26: E | L26: 14 | M26: 11 | N26: AKTIF | O26: 1 | P26: UNIT/BUAH/NOS/SETS | Q26: https://drive.google.com/uc?export=view&id=19gZpYk7NU3c3ZA1opSli56E0yJABAjMI | R26: 3.1469352,101.6952848 | S26: 101.69528 | T26: 3.1469352
A27: 45846.445 | B27: elyasdbkl@gmail.com | C27: P7 - ZON 5 | D27: BINAAN LUAR | E27: SG03C – PEDESTRIAN DIRECTIONAL TRAIL MARKER | F27: BINAAN LUAR | G27: TA0112 | H27: 0 | I27: 5 | J27: 279 | K27: A | L27: 8 | M27: 7 | N27: AKTIF | O27: 1 | P27: UNIT/BUAH/NOS/SETS | Q27: https://drive.google.com/uc?export=view&id=1dn9SresCOXgzJgFZ086tJAULIU1dpS5q | R27: 3.145710443501332, 101.69517923281188 | S27: 101.69518 | T27: 3.145710443501332,
A28: 45846.447 | B28: elyasdbkl@gmail.com | C28: P7 - ZON 5 | D28: BINAAN LUAR | E28: SG03C – PEDESTRIAN DIRECTIONAL TRAIL MARKER | F28: BINAAN LUAR | G28: TA0112 | H28: 0 | I28: 5 | J28: 279 | K28: A | L28: 8 | M28: 7 | N28: AKTIF | O28: 1 | P28: UNIT/BUAH/NOS/SETS | Q28: https://drive.google.com/uc?export=view&id=1Yn4_oSyYMtUMMYcJfPfRHPkkiADtWJVa | R28: 3.1470360346727593,101.69521547436487 | S28: 101.69522 | T28: 3.147036
A29: 45846.449 | B29: khairulhamadi@gmail.com | C29: P7 - ZON 5 | D29: BINAAN LUAR | E29: BOX UP | F29: BINAAN LUAR | G29: BG0410 | H29: 0 | I29: 5 | J29: 274 | K29: A | L29: 9 | M29: 1 | N29: AKTIF | O29: 58 | P29: UNIT/BUAH/NOS/SETS | Q29: https://drive.google.com/uc?export=view&id=1PEhUV52CS6WVQG7SCP8yf0N73WbmhJ-F | R29: 3.147041531896207, 101.69517094267246 | S29: 101.69517 | T29: 3.147041531896207,
A30: 45846.45 | B30: elyasdbkl@gmail.com | C30: P7 - ZON 5 | D30: BINAAN LUAR | E30: LT04.1 - UPLIGHT TYPE 01 IGUZZINI | F30: BINAAN LUAR | G30: TA0112 | H30: 0 | I30: 5 | J30: 322 | K30: E | L30: 14 | M30: 11 | N30: AKTIF | O30: 3 | P30: UNIT/BUAH/NOS/SETS | Q30: https://drive.google.com/uc?export=view&id=1uaxwkD66gONuTLZDS_s2_p5xIJZvyQOE | R30: 3.1468820574310357,101.69518541390428 | S30: 101.69519 | T30: 3.1468821
A31: 45846.452 | B31: elyasdbkl@gmail.com | C31: P7 - ZON 5 | D31: BINAAN LUAR | E31: LT04.1 - UPLIGHT TYPE 01 IGUZZINI | F31: BINAAN LUAR | G31: TA0112 | H31: 0 | I31: 5 | J31: 322 | K31: E | L31: 14 | M31: 11 | N31: AKTIF | O31: 3 | P31: UNIT/BUAH/NOS/SETS | Q31: https://drive.google.com/uc?export=view&id=1ZZXNTFyeA4NfJJy5vLtO-X-u3x7mdKJW | R31: 3.146929377647083,101.69508503255415 | S31: 101.69509 | T31: 3.1469294
A32: 45846.452 | B32: fatimahshokari@gmail.com | C32: P7 - ZON 5 | D32: BINAAN LUAR | E32: LT02.2 - PEDESTRIAN LIGHT TYPE 02 IGUZZINI CUSTOM DESIGN (SINGLE SIDE) | F32: BINAAN LUAR | G32: TA0112 | H32: 0 | I32: 5 | J32: 311 | K32: E | L32: 14 | M32: 10 | N32: AKTIF | O32: 2 | P32: UNIT/BUAH/NOS/SETS | Q32: https://drive.google.com/uc?export=view&id=1hFze4kXDf9yU0fFvEMqUX4PVDMcNe27T | R32: 3.1466203,101.6952567 | S32: 101.69526 | T32: 3.1466203
A33: 45846.452 | B33: khairulhamadi@gmail.com | C33: P7 - ZON 5 | D33: BINAAN LUAR | E33: SINAGE - GUIDING LIGHT | F33: BINAAN LUAR | G33: TA0112 | H33: 0 | I33: 5 | J33: 287 | K33: A | L33: 8 | M33: 7 | N33: AKTIF | O33: 1 | P33: UNIT/BUAH/NOS/SETS | Q33: https://drive.google.com/uc?export=view&id=1jTmeDQw4azlYrchBArp5MVO1o1aPXIc4 | R33: 3.147084804952085, 101.6951850284675 | S33: 101.69519 | T33: 3.147084804952085,
A34: 45846.455 | B34: elyasdbkl@gmail.com | C34: P7 - ZON 5 | D34: BINAAN LUAR | E34: LT04.1 - UPLIGHT TYPE 01 IGUZZINI | F34: BINAAN LUAR | G34: TA0112 | H34: 0 | I34: 5 | J34: 322 | K34: E | L34: 14 | M34: 11 | N34: AKTIF | O34: 1 | P34: UNIT/BUAH/NOS/SETS | Q34: https://drive.google.com/uc?export=view&id=1auGH_epA-QvjTbBiHVRTgyh4Vc9Mjr02 | R34: 3.1469920181741236,101.69499953907105 | S34: 101.695 | T34: 3.146992
A35: 45846.455 | B35: fatimahshokari@gmail.com | C35: P7 - ZON 5 | D35: BINAAN LUAR | E35: LT02.2 - PEDESTRIAN LIGHT TYPE 02 IGUZZINI CUSTOM DESIGN (SINGLE SIDE) | F35: BINAAN LUAR | G35: TA0112 | H35: 0 | I35: 5 | J35: 311 | K35: E | L35: 14 | M35: 10 | N35: AKTIF | O35: 2 | P35: UNIT/BUAH/NOS/SETS | Q35: https://drive.google.com/uc?export=view&id=1JzVpja5baXZy88PJT76nSAkZ8eatKQVI | R35: 3.146215,101.6951464 | S35: 101.69515 | T35: 3.146215
A36: 45846.456 | B36: muhamadazmibinyusuf@gmail.com | C36: P7 - ZON 5 | D36: BINAAN LUAR | E36: LT04.1 - UPLIGHT TYPE 01 IGUZZINI | F36: BINAAN LUAR | G36: TA0112 | H36: 0 | I36: 5 | J36: 322 | K36: E | L36: 14 | M36: 11 | N36: AKTIF | O36: 1 | P36: UNIT/BUAH/NOS/SETS | Q36: https://drive.google.com/uc?export=view&id=1q5QZ4UD5O4twY4kNesrcNkN1H6J2WAkd | R36: 3.1469037939536637,101.69503162019063 | S36: 101.69503 | T36: 3.1469038
A37: 45846.457 | B37: khairulhamadi@gmail.com | C37: P7 - ZON 5 | D37: BINAAN LUAR | E37: FF02.1– PLANTER SEAT TYPE 01 WITHOUT BACKREST | F37: BINAAN LUAR | G37: BG0410 | H37: 0 | I37: 5 | J37: 242 | K37: A | L37: 9 | M37: 1 | N37: AKTIF | O37: 1 | P37: UNIT/BUAH/NOS/SETS | Q37: https://drive.google.com/uc?export=view&id=1-X0TalzEq034swYF_vgEExBTu_W1cVAL | R37: 3.147084804952085, 101.69512333765684 | S37: 101.69512 | T37: 3.147084804952085,
A38: 45846.457 | B38: fatimahshokari@gmail.com | C38: P7 - ZON 5 | D38: BINAAN LUAR | E38: LT02.2 - PEDESTRIAN LIGHT TYPE 02 IGUZZINI CUSTOM DESIGN (SINGLE SIDE) | F38: BINAAN LUAR | G38: TA0112 | H38: 0 | I38: 5 | J38: 311 | K38: E | L38: 14 | M38: 10 | N38: AKTIF | O38: 2 | P38: UNIT/BUAH/NOS/SETS | Q38: https://drive.google.com/uc?export=view&id=1l-Gj25YhNJStdreobPXJFblwuRyeS9rl | R38: 3.146215,101.6951464 | S38: 101.69515 | T38: 3.146215
A39: 45846.457 | B39: elyasdbkl@gmail.com | C39: P7 - ZON 5 | D39: BINAAN LUAR | E39: LT04.1 - UPLIGHT TYPE 01 IGUZZINI | F39: BINAAN LUAR | G39: TA0112 | H39: 0 | I39: 5 | J39: 322 | K39: E | L39: 14 | M39: 11 | N39: AKTIF | O39: 1 | P39: UNIT/BUAH/NOS/SETS | Q39: https://drive.google.com/uc?export=view&id=1cKOWZhDJzpX_HCtNzgoPfr36qAELWitV | R39: 3.1469502730529744,101.69503576834124 | S39: 101.69504 | T39: 3.1469503
A40: 45846.458 | B40: elyasdbkl@gmail.com | C40: P7 - ZON 5 | D40: BINAAN LUAR | E40: LT04.1 - UPLIGHT TYPE 01 IGUZZINI | F40: BINAAN LUAR | G40: TA0112 | H40: 0 | I40: 5 | J40: 322 | K40: E | L40: 14 | M40: 11 | N40: AKTIF | O40: 1 | P40: UNIT/BUAH/NOS/SETS | Q40: https://drive.google.com/uc?export=view&id=11-J-AJhWze4PmoECo4zFIS5Vyk7D6s6L | R40: 3.1467942686156736,101.6951930705295 | S40: 101.69519 | T40: 3.1467943
A41: 45846.459 | B41: khairulhamadi@gmail.com | C41: P7 - ZON 5 | D41: BINAAN LUAR | E41: FF02.1– PLANTER SEAT TYPE 01 WITHOUT BACKREST | F41: BINAAN LUAR | G41: BG0410 | H41: 0 | I41: 5 | J41: 242 | K41: A | L41: 9 | M41: 1 | N41: AKTIF | O41: 1 | P41: UNIT/BUAH/NOS/SETS | Q41: https://drive.google.com/uc?export=view&id=1grm3XLJYTD45krkvS4r2klDGMdzH_ijP | R41: 3.1436591772085714, 101.6947458128456 | S41: 101.69475 | T41: 3.1436591772085714,
A42: 45846.459 | B42: elyasdbkl@gmail.com | C42: P7 - ZON 5 | D42: BINAAN LUAR | E42: LT04.1 - UPLIGHT TYPE 01 IGUZZINI | F42: BINAAN LUAR | G42: TA0112 | H42: 0 | I42: 5 | J42: 322 | K42: E | L42: 14 | M42: 11 | N42: AKTIF | O42: 1 | P42: UNIT/BUAH/NOS/SETS | Q42: https://drive.google.com/uc?export=view&id=1_T9hvAW6VuBJ5eXNgub_z2BACerPCEh2 | R42: 3.1467007357471752,101.69525207388006 | S42: 101.69525 | T42: 3.1467007
A43: 45846.459 | B43: fatimahshokari@gmail.com | C43: P7 - ZON 5 | D43: BINAAN LUAR | E43: LT02.2 - PEDESTRIAN LIGHT TYPE 02 IGUZZINI CUSTOM DESIGN (SINGLE SIDE) | F43: BINAAN LUAR | G43: TA0112 | H43: 0 | I43: 5 | J43: 311 | K43: E | L43: 14 | M43: 10 | N43: AKTIF | O43: 2 | P43: UNIT/BUAH/NOS/SETS | Q43: https://drive.google.com/uc?export=view&id=1wKQAhMVjb78NfLRYZYDYzIHC6ycYIu7n | R43: 3.146215,101.6951464 | S43: 101.69515 | T43: 3.146215
A44: 45846.46 | B44: elyasdbkl@gmail.com | C44: P7 - ZON 5 | D44: BINAAN LUAR | E44: LT04.1 - UPLIGHT TYPE 01 IGUZZINI | F44: BINAAN LUAR | G44: TA0112 | H44: 0 | I44: 5 | J44: 322 | K44: E | L44: 14 | M44: 11 | N44: AKTIF | O44: 1 | P44: UNIT/BUAH/NOS/SETS | Q44: https://drive.google.com/uc?export=view&id=1SbBgpSmIFdHe6D5va1LCJF2yrYgTd9pn | R44: 3.146766608319052,101.6950572071708 | S44: 101.69506 | T44: 3.1467666
A45: 45846.461 | B45: elyasdbkl@gmail.com | C45: P7 - ZON 5 | D45: BINAAN LUAR | E45: LT04.1 - UPLIGHT TYPE 01 IGUZZINI | F45: BINAAN LUAR | G45: TA0112 | H45: 0 | I45: 5 | J45: 322 | K45: E | L45: 14 | M45: 11 | N45: AKTIF | O45: 1 | P45: UNIT/BUAH/NOS/SETS | Q45: https://drive.google.com/uc?export=view&id=11OL6XXN92RW3F407GhXlIzhUh9cXfxaZ | R45: 3.1469378953086924,101.69504370624009 | S45: 101.69504 | T45: 3.1469379
A46: 45846.462 | B46: elyasdbkl@gmail.com | C46: P7 - ZON 5 | D46: BINAAN LUAR | E46: LT04.1 - UPLIGHT TYPE 01 IGUZZINI | F46: BINAAN LUAR | G46: TA0112 | H46: 0 | I46: 5 | J46: 322 | K46: E | L46: 14 | M46: 11 | N46: AKTIF | O46: 1 | P46: UNIT/BUAH/NOS/SETS | Q46: https://drive.google.com/uc?export=view&id=1WxtCx3PBVOSEKWrOKjeC--h73orI0uIc | R46: 3.1467145465959185,101.69509541035535 | S46: 101.6951 | T46: 3.1467145
A47: 45846.463 | B47: fatimahshokari@gmail.com | C47: P7 - ZON 5 | D47: BINAAN LUAR | E47: LT02.2 - PEDESTRIAN LIGHT TYPE 02 IGUZZINI CUSTOM DESIGN (SINGLE SIDE) | F47: BINAAN LUAR | G47: TA0112 | H47: 0 | I47: 5 | J47: 311 | K47: E | L47: 14 | M47: 10 | N47: AKTIF | O47: 4 | P47: UNIT/BUAH/NOS/SETS | Q47: https://drive.google.com/uc?export=view&id=1ZsL1wDxSOQiXo255xI2fxrg1X45U54YB | R47: 3.1461413,101.6945928 | S47: 101.69459 | T47: 3.1461413
A48: 45846.464 | B48: khairulhamadi@gmail.com | C48: P7 - ZON 5 | D48: BINAAN LUAR | E48: FF01.7– BENCH TYPE 07B FLOW BENCH | F48: BINAAN LUAR | G48: BG0410 | H48: 0 | I48: 5 | J48: 208 | K48: A | L48: 9 | M48: 1 | N48: AKTIF | O48: 4 | P48: UNIT/BUAH/NOS/SETS | Q48: https://drive.google.com/uc?export=view&id=1o64UYR-5qGyA0V-95Y9zmL129ui3uPNY | R48: 3.144042738224411, 101.69492124641285 | S48: 101.69492 | T48: 3.144042738224411,
A49: 45846.472 | B49: fatimahshokari@gmail.com | C49: P7 - ZON 5 | D49: BINAAN LUAR | E49: LT02.2 - PEDESTRIAN LIGHT TYPE 02 IGUZZINI CUSTOM DESIGN (SINGLE SIDE) | F49: BINAAN LUAR | G49: TA0112 | H49: 0 | I49: 5 | J49: 311 | K49: E | L49: 14 | M49: 10 | N49: AKTIF | O49: 3 | P49: UNIT/BUAH/NOS/SETS | Q49: https://drive.google.com/uc?export=view&id=1-TL7ZrfW2Iy9b6ZSPMFxMNlqeC5B6vMi | R49: 3.1463557,101.6945498 | S49: 101.69455 | T49: 3.1463557
A50: 45846.473 | B50: elyasdbkl@gmail.com | C50: P7 - ZON 5 | D50: BINAAN LUAR | E50: SINAGE - EXTERNAL DIRECTIONAL SIGN - EDS 08 | F50: BINAAN LUAR | G50: TA0112 | H50: 0 | I50: 5 | J50: 288 | K50: A | L50: 8 | M50: 7 | N50: AKTIF | O50: 1 | P50: UNIT/BUAH/NOS/SETS | Q50: https://drive.google.com/uc?export=view&id=1m1Ou6faSdYXA08klncy8HiwHqH1qRnup | R50: 3.1456898234397257,101.69506116677017 | S50: 101.69506 | T50: 3.1456898
A51: 45846.474 | B51: fatimahshokari@gmail.com | C51: P7 - ZON 5 | D51: BINAAN LUAR | E51: LT02.2 - PEDESTRIAN LIGHT TYPE 02 IGUZZINI CUSTOM DESIGN (SINGLE SIDE) | F51: BINAAN LUAR | G51: TA0112 | H51: 0 | I51: 5 | J51: 311 | K51: E | L51: 14 | M51: 10 | N51: AKTIF | O51: 3 | P51: UNIT/BUAH/NOS/SETS | Q51: https://drive.google.com/uc?export=view&id=1KyAJvp8-baUM7suoR7OhPe7XrmAdx4E8 | R51: 3.1465591,101.6945643 | S51: 101.69456 | T51: 3.1465591
A52: 45846.474 | B52: elyasdbkl@gmail.com | C52: P7 - ZON 5 | D52: BINAAN LUAR | E52: SINAGE - EXTERNAL SUB-DIRECTORY -ESD 02 | F52: BINAAN LUAR | G52: TA0112 | H52: 0 | I52: 5 | J52: 289 | K52: A | L52: 8 | M52: 7 | N52: AKTIF | O52: 1 | P52: UNIT/BUAH/NOS/SETS | Q52: https://drive.google.com/uc?export=view&id=1qWJHSth4nfVambs4IvFCTtfjiP6mpIEU | R52: 3.145694527116433,101.6945369548812 | S52: 101.69454 | T52: 3.1456945
A53: 45846.478 | B53: fatimahshokari@gmail.com | C53: P7 - ZON 5 | D53: BINAAN LUAR | E53: LT02.2 - PEDESTRIAN LIGHT TYPE 02 IGUZZINI CUSTOM DESIGN (SINGLE SIDE) | F53: BINAAN LUAR | G53: TA0112 | H53: 0 | I53: 5 | J53: 311 | K53: E | L53: 14 | M53: 10 | N53: AKTIF | O53: 1 | P53: UNIT/BUAH/NOS/SETS | Q53: https://drive.google.com/uc?export=view&id=14Vx3uGySzjbsWXA5sV-bbPKQrHp9yQZp | R53: 3.1465493,101.6947314 | S53: 101.69473 | T53: 3.1465493
A54: 45846.478 | B54: elyasdbkl@gmail.com | C54: P7 - ZON 5 | D54: BINAAN LUAR | E54: SG03D – PEDESTRIAN DIRECTIONAL PLINTH | F54: BINAAN LUAR | G54: TA0112 | H54: 0 | I54: 5 | J54: 280 | K54: A | L54: 8 | M54: 7 | N54: AKTIF | O54: 1 | P54: UNIT/BUAH/NOS/SETS | Q54: https://drive.google.com/uc?export=view&id=1tY5Vqk_9mrlnSA4LCdUGMXTe-53gN3za | R54: 3.1465964685232275,101.69522125080476 | S54: 101.69522 | T54: 3.1465965
A55: 45846.479 | B55: khairulhamadi@gmail.com | C55: P7 - ZON 5 | D55: BINAAN LUAR | E55: RAILING TYPE 13 - WITH HANDRAIL (HOT-DIPPED GALVANISED VERTICAL STEEL FREAM W INTEGRATED HANDRAIL) | F55: BINAAN LUAR | G55: TA0112 | H55: 0 | I55: 5 | J55: 195 | K55: A | L55: 9 | M55: 1 | N55: AKTIF | O55: 2 | P55: UNIT/BUAH/NOS/SETS | Q55: https://drive.google.com/uc?export=view&id=1y6Up1H_ebBy83bGzyEgVnTTD8-MPRkGh | R55: 3.146590, 101.695250 | S55: 101.69525 | T55: 3.146590,
A56: 45846.484 | B56: elyasdbkl@gmail.com | C56: P7 - ZON 5 | D56: BINAAN LUAR | E56: RAILING TYPE 02 – HANDRAIL AT WALL | F56: BINAAN LUAR | G56: TA0112 | H56: 0 | I56: 5 | J56: 186 | K56: A | L56: 2 | M56: 4 | N56: AKTIF | O56: 12 | P56: UNIT/BUAH/NOS/SETS | Q56: https://drive.google.com/uc?export=view&id=1zXtyxbaTzI05AITFQvfZhwGWZW4AcL_h | R56: 3.146590030968062,101.69525006146942 | S56: 101.69525 | T56: 3.14659
A57: 45846.484 | B57: fatimahshokari@gmail.com | C57: P7 - ZON 5 | D57: BINAAN LUAR | E57: FF01.7– BENCH TYPE 07B FLOW BENCH | F57: BINAAN LUAR | G57: BG0410 | H57: 0 | I57: 5 | J57: 208 | K57: A | L57: 9 | M57: 1 | N57: AKTIF | O57: 1 | P57: UNIT/BUAH/NOS/SETS | Q57: https://drive.google.com/uc?export=view&id=1pPZDdqV_GAnrIa5tCLwGt-UkJWVD3fCY | R57: 3.1454796,101.6950436 | S57: 101.69504 | T57: 3.1454796
A58: 45846.486 | B58: fatimahshokari@gmail.com | C58: P7 - ZON 5 | D58: BINAAN LUAR | E58: FF01.7– BENCH TYPE 07B FLOW BENCH | F58: BINAAN LUAR | G58: BG0410 | H58: 0 | I58: 5 | J58: 208 | K58: A | L58: 9 | M58: 1 | N58: AKTIF | O58: 1 | P58: UNIT/BUAH/NOS/SETS | Q58: https://drive.google.com/uc?export=view&id=1Znwoz7vKrJUKfGgzTH0VpIuo14OHQv_r | R58: 3.1454796,101.6950436 | S58: 101.69504 | T58: 3.1454796
A59: 45846.486 | B59: elyasdbkl@gmail.com | C59: P7 - ZON 5 | D59: BINAAN LUAR | E59: RAILING TYPE 13 - WITH HANDRAIL (HOT-DIPPED GALVANISED VERTICAL STEEL FREAM W INTEGRATED HANDRAIL) | F59: BINAAN LUAR | G59: TA0112 | H59: 0 | I59: 5 | J59: 195 | K59: A | L59: 9 | M59: 1 | N59: AKTIF | O59: 6 | P59: UNIT/BUAH/NOS/SETS | Q59: https://drive.google.com/uc?export=view&id=1Rpf4wSY9AFTWHu2XClXrQATe9k3AU3sb | R59: 3.1463929778436523,101.69530520644011 | S59: 101.69531 | T59: 3.146393
A60: 45846.488 | B60: fatimahshokari@gmail.com | C60: P7 - ZON 5 | D60: BINAAN LUAR | E60: FF01.7– BENCH TYPE 07B FLOW BENCH | F60: BINAAN LUAR | G60: BG0410 | H60: 0 | I60: 5 | J60: 208 | K60: A | L60: 9 | M60: 1 | N60: AKTIF | O60: 1 | P60: UNIT/BUAH/NOS/SETS | Q60: https://drive.google.com/uc?export=view&id=1dGFTNXtDWgKGB-oJRAnABRpftv7L7uAn | R60: 3.1457337,101.6951015 | S60: 101.6951 | T60: 3.1457337
A61: 45846.489 | B61: fatimahshokari@gmail.com | C61: P7 - ZON 5 | D61: BINAAN LUAR | E61: FF01.7– BENCH TYPE 07B FLOW BENCH | F61: BINAAN LUAR | G61: BG0410 | H61: 0 | I61: 5 | J61: 208 | K61: A | L61: 9 | M61: 1 | N61: AKTIF | O61: 1 | P61: UNIT/BUAH/NOS/SETS | Q61: https://drive.google.com/uc?export=view&id=18jXUYvHWmxZnyCWyHQXtWmJI_89iR94w | R61: 3.1458641,101.6951135 | S61: 101.69511 | T61: 3.1458641
A62: 45846.491 | B62: fatimahshokari@gmail.com | C62: P7 - ZON 5 | D62: BINAAN LUAR | E62: FF01.7– BENCH TYPE 07B FLOW BENCH | F62: BINAAN LUAR | G62: BG0410 | H62: 0 | I62: 5 | J62: 208 | K62: A | L62: 9 | M62: 1 | N62: AKTIF | O62: 1 | P62: UNIT/BUAH/NOS/SETS | Q62: https://drive.google.com/uc?export=view&id=1U7wiQlkBfwzIfkENObLr6Aui0_m9bcx0 | R62: 3.1458641,101.6951135 | S62: 101.69511 | T62: 3.1458641
A63: 45846.491 | B63: fatimahshokari@gmail.com | C63: P7 - ZON 5 | D63: BINAAN LUAR | E63: FF01.7– BENCH TYPE 07B FLOW BENCH | F63: BINAAN LUAR | G63: BG0410 | H63: 0 | I63: 5 | J63: 208 | K63: A | L63: 9 | M63: 1 | N63: AKTIF | O63: 1 | P63: UNIT/BUAH/NOS/SETS | Q63: https://drive.google.com/uc?export=view&id=1D5K1eajyoHXXNZhr-CzwGD5S2bvyBgj7 | R63: 3.1458641,101.6951135 | S63: 101.69511 | T63: 3.1458641
A64: 45846.51 | B64: elyasdbkl@gmail.com | C64: P7 - ZON 5 | D64: BINAAN LUAR | E64: RAILING TYPE 05 - STANDARD (HOT-DIPPED GALVANISED VERTICAL STEEL FRAME) | F64: BINAAN LUAR | G64: TA0112 | H64: 0 | I64: 5 | J64: 189 | K64: A | L64: 2 | M64: 4 | N64: AKTIF | O64: 1 | P64: UNIT/BUAH/NOS/SETS | Q64: https://drive.google.com/uc?export=view&id=1h2HVe9QR7uZZ1tLFA6pULZkX28aIKl9N | R64: 3.1460218509426703,101.69502023064625 | S64: 101.69502 | T64: 3.1460219
A65: 45846.511 | B65: fatimahshokari@gmail.com | C65: P7 - ZON 5 | D65: BINAAN LUAR | E65: LT02.2 - PEDESTRIAN LIGHT TYPE 02 IGUZZINI CUSTOM DESIGN (SINGLE SIDE) | F65: BINAAN LUAR | G65: TA0112 | H65: 0 | I65: 5 | J65: 311 | K65: E | L65: 14 | M65: 10 | N65: AKTIF | O65: 1 | P65: UNIT/BUAH/NOS/SETS | Q65: https://drive.google.com/uc?export=view&id=1PZoglQ-S1wfC-ng0NUyrDPULXHgdeJ-H | R65: 3.1460475,101.6953328 | S65: 101.69533 | T65: 3.1460475
A66: 45846.511 | B66: khairulhamadi@gmail.com | C66: P7 - ZON 5 | D66: BINAAN LUAR | E66: LT02.2 - PEDESTRIAN LIGHT TYPE 02 IGUZZINI CUSTOM DESIGN (SINGLE SIDE) | F66: BINAAN LUAR | G66: TA0112 | H66: 0 | I66: 5 | J66: 311 | K66: E | L66: 14 | M66: 10 | N66: AKTIF | O66: 1 | P66: UNIT/BUAH/NOS/SETS | Q66: https://drive.google.com/uc?export=view&id=1j1ItLnq2pfEYRu2KSydYL0oh17diB-hm | R66: 3.1460475,101.6953328 | S66: 101.69533 | T66: 3.1460475
A67: 45846.537 | B67: elyasdbkl@gmail.com | C67: P7 - ZON 5 | D67: BINAAN LUAR | E67: FF05.2– BOLLARD TYPE 02 REMOVEABLE | F67: BINAAN LUAR | G67: TA0112 | H67: 0 | I67: 5 | J67: 252 | K67: A | L67: 9 | M67: 1 | N67: ROSAK | O67: 4 | P67: UNIT/BUAH/NOS/SETS | Q67: https://drive.google.com/uc?export=view&id=1MoPwTf7WtX38Z525aNL0A7ryWnZBgOBa | R67: 3.1469227,101.6951119 | S67: 101.69511 | T67: 3.1469227
... A71: 45846.613 | B71: mohdasedil@gmail.com | C71: P7 - ZON 6 | D71: BINAAN LUAR | E71: SG03B – PEDESTRIAN DIRECTIONAL TOTEM | F71: BINAAN LUAR | G71: TA0112 | H71: 0 | I71: 6 | J71: 278 | K71: A | L71: 8 | M71: 7 | N71: AKTIF | O71: 1 | P71: UNIT/BUAH/NOS/SETS | Q71: https://drive.google.com/uc?export=view&id=1O1iv-UKavAJ5-MI70bvvF06NDQqx10Dq | R71: 3.1438383,101.6954689 | S71: 101.69547 | T71: 3.1438383
A72: 45969.505 | B72: ayapdbkl@gmail.com | C72: P7 - ZON 6 | D72: BINAAN LUAR | E72: SINAGE - GUIDING LIGHT | F72: BINAAN LUAR | G72: TA0112 | H72: 0 | I72: 6 | J72: 287 | K72: A | L72: 8 | M72: 7 | N72: AKTIF | O72: 1 | P72: UNIT/BUAH/NOS/SETS | Q72: https://drive.google.com/uc?export=view&id=1Qi21n9ugu-9XeIvs3PQ5MCqu_BhP7W4b | R72: 3.1437744, 101.6954533 | S72: 101.69545 | T72: 3.1437744,
A73: 45969.507 | B73: ayapdbkl@gmail.com | C73: P7 - ZON 6 | D73: BINAAN LUAR | E73: SG03A – PEDESTRIAN DIRECTIONAL FLAG SINAGE ON STREET | F73: BINAAN LUAR | G73: TA0112 | H73: 0 | I73: 6 | J73: 277 | K73: A | L73: 8 | M73: 7 | N73: AKTIF | O73: 1 | P73: UNIT/BUAH/NOS/SETS | Q73: https://drive.google.com/uc?export=view&id=1F5zqHRo-j5F4TRsTbx6UQWR96PGRJfd7 | R73: 3.1437744, 101.6954533 | S73: 101.69545 | T73: 3.1437744,
A74: 45969.517 | B74: ayapdbkl@gmail.com | C74: P7 - ZON 6 | D74: BINAAN LUAR | E74: LT04.1 - UPLIGHT TYPE 01 IGUZZINI | F74: BINAAN LUAR | G74: TA0112 | H74: 0 | I74: 6 | J74: 322 | K74: E | L74: 14 | M74: 11 | N74: AKTIF | O74: 68 | P74: UNIT/BUAH/NOS/SETS | Q74: https://drive.google.com/uc?export=view&id=1e9n1pOCXUR3llNCOw1J3CIf_dZR_usgM | R74: 3.1430036,101.6952244 | S74: 101.69522 | T74: 3.1430036
A75: 45969.518 | B75: ayapdbkl@gmail.com | C75: P7 - ZON 6 | D75: BINAAN LUAR | E75: RAILING TYPE 13 - WITH HANDRAIL (HOT-DIPPED GALVANISED VERTICAL STEEL FREAM W INTEGRATED HANDRAIL) | F75: BINAAN LUAR | G75: TA0112 | H75: 0 | I75: 6 | J75: 195 | K75: A | L75: 9 | M75: 1 | N75: AKTIF | O75: 1 | P75: UNIT/BUAH/NOS/SETS | Q75: https://drive.google.com/uc?export=view&id=1X-mXjVRyZQI6DJQG9jq01-WTQ-GKSJjK | R75: 3.1414248176398765, 101.69522149680404 | S75: 101.69522 | T75: 3.1414248176398765,
A76: 45969.521 | B76: ayapdbkl@gmail.com | C76: P7 - ZON 6 | D76: BINAAN LUAR | E76: HIASAN LANDSKAP | F76: BINAAN LUAR | G76: TA0112 | H76: 0 | I76: 6 | J76: 9 | K76: A | L76: 9 | M76: 2 | N76: AKTIF | O76: 1 | P76: UNIT/BUAH/NOS/SETS | Q76: https://drive.google.com/uc?export=view&id=16373FdtUnvVVqSAtd35VsYeNY3ffk2UK | R76: 3.140978134271513, 101.69539077204377 | S76: 101.69539 | T76: 3.140978134271513,
A77: 45969.521 | B77: ayapdbkl@gmail.com | C77: P7 - ZON 6 | D77: BINAAN LUAR | E77: FF01.11– BENCH TYPE 11A ESCOFET SOCRATES | F77: BINAAN LUAR | G77: BG0410 | H77: 0 | I77: 6 | J77: 214 | K77: A | L77: 9 | M77: 1 | N77: AKTIF | O77: 1 | P77: UNIT/BUAH/NOS/SETS | Q77: https://drive.google.com/uc?export=view&id=1Mf7Ivcq16HCyg9PTp7gUxIEJtL3TKxSJ | R77: 3.140978134271513, 101.69539077204377 | S77: 101.69539 | T77: 3.140978134271513,
A78: 45969.522 | B78: ayapdbkl@gmail.com | C78: P7 - ZON 6 | D78: BINAAN LUAR | E78: CCTV | F78: BINAAN LUAR | G78: TA0112 | H78: 0 | I78: 6 | J78: 345 | K78: T | L78: 37 | M78: 3 | N78: AKTIF | O78: 1 | P78: UNIT/BUAH/NOS/SETS | Q78: https://drive.google.com/uc?export=view&id=1Z0KivAcjbOUaZUzh6OzeKHAy4vMqTUIF | R78: 3.1415409671264687, 101.69543812105952 | S78: 101.69544 | T78: 3.1415409671264687,
A79: 45969.524 | B79: ayapdbkl@gmail.com | C79: P7 - ZON 6 | D79: BINAAN LUAR | E79: LT02.2 - PEDESTRIAN LIGHT TYPE 02 IGUZZINI CUSTOM DESIGN (SINGLE SIDE) | F79: BINAAN LUAR | G79: TA0112 | H79: 0 | I79: 6 | J79: 311 | K79: E | L79: 14 | M79: 10 | N79: AKTIF | O79: 4 | P79: UNIT/BUAH/NOS/SETS | Q79: https://drive.google.com/uc?export=view&id=1NtO4yYw0nceK-_3xgNPAGh36Oaou11Hf | R79: 3.1414367100754217, 101.69538178935838 | S79: 101.69538 | T79: 3.1414367100754217,
A80: 45999.634 | B80: yaziddbkl@gmail.com | C80: P7 - ZON 4 | D80: BINAAN LUAR | E80: FF09.4 – TREE GRATE TYPE 04 | F80: BINAAN LUAR | G80: BG0410 | H80: 0 | I80: 4 | J80: 258 | K80: A | L80: 9 | M80: 1 | N80: AKTIF | O80: 6 | P80: UNIT/BUAH/NOS/SETS | Q80: https://drive.google.com/uc?export=view&id=1wVI3B4D_44juvV72pcXINpSq-EQlEyrb | R80: 3.149565443332548, 101.69454909295331 | S80: 101.69455 | T80: 3.149565443332548,
A81: 45999.636 | B81: yaziddbkl@gmail.com | C81: P7 - ZON 4 | D81: BINAAN LUAR | E81: SG03A – PEDESTRIAN DIRECTIONAL FLAG SINAGE ON STREET | F81: BINAAN LUAR | G81: TA0112 | H81: 0 | I81: 4 | J81: 277 | K81: A | L81: 8 | M81: 7 | N81: AKTIF | O81: 1 | P81: UNIT/BUAH/NOS/SETS | Q81: https://drive.google.com/uc?export=view&id=1hJOSpIqp708KvWMBMejO8o9sGcg81WOP | R81: 3.149581888739626, 101.69465412531346 | S81: 101.69465 | T81: 3.149581888739626,
A82: 45999.638 | B82: muhamadazmibinyusuf@gmail.com | C82: P7 - ZON 4 | D82: BINAAN LUAR | E82: SG03B – PEDESTRIAN DIRECTIONAL TOTEM | F82: BINAAN LUAR | G82: TA0112 | H82: 0 | I82: 4 | J82: 278 | K82: A | L82: 8 | M82: 7 | N82: AKTIF | O82: 1 | P82: UNIT/BUAH/NOS/SETS | Q82: https://drive.google.com/uc?export=view&id=1A0ZNBv2Dk6G-v13EqiHAU6IKU_DdZYFs | R82: 3.1495236974063108, 101.69461280034143 | S82: 101.69461 | T82: 3.1495236974063108,
A83: 45999.647 | B83: yaziddbkl@gmail.com | C83: P7 - ZON 4 | D83: BINAAN LUAR | E83: SG03C – PEDESTRIAN DIRECTIONAL TRAIL MARKER | F83: BINAAN LUAR | G83: TA0112 | H83: 0 | I83: 4 | J83: 279 | K83: A | L83: 8 | M83: 7 | N83: AKTIF | O83: 1 | P83: UNIT/BUAH/NOS/SETS | Q83: https://drive.google.com/uc?export=view&id=1YWYoZJ9v1JzQvzMn3XxT8cab75YZiJ0E | R83: 3.149489621795855, 101.6947450733291 | S83: 101.69475 | T83: 3.149489621795855,
A84: 45999.653 | B84: yaziddbkl@gmail.com | C84: P7 - ZON 4 | D84: BINAAN LUAR | E84: SINAGE - GUIDING LIGHT | F84: BINAAN LUAR | G84: TA0112 | H84: 0 | I84: 4 | J84: 287 | K84: A | L84: 8 | M84: 7 | N84: AKTIF | O84: 1 | P84: UNIT/BUAH/NOS/SETS | Q84: https://drive.google.com/uc?export=view&id=1A0tl9boxog-sQnzMD3hhMbfHsI0chpfE | R84: 3.149627417415827, 101.694552201376 | S84: 101.69455 | T84: 3.149627417415827,
A85: 45999.655 | B85: yaziddbkl@gmail.com | C85: P7 - ZON 4 | D85: BINAAN LUAR | E85: FF01.11– BENCH TYPE 11A ESCOFET SOCRATES | F85: BINAAN LUAR | G85: BG0410 | H85: 0 | I85: 4 | J85: 214 | K85: A | L85: 9 | M85: 1 | N85: AKTIF | O85: 2 | P85: UNIT/BUAH/NOS/SETS | Q85: https://drive.google.com/uc?export=view&id=1d_rAtzDniNYzsW8QArlxcBHRRDYmP98p | R85: 3.149627417415827, 101.694552201376 | S85: 101.69455 | T85: 3.149627417415827,
A86: 45999.656 | B86: yaziddbkl@gmail.com | C86: P7 - ZON 4 | D86: BINAAN LUAR | E86: FF02.1– PLANTER SEAT TYPE 01 WITHOUT BACKREST | F86: BINAAN LUAR | G86: BG0410 | H86: 0 | I86: 4 | J86: 242 | K86: A | L86: 9 | M86: 1 | N86: AKTIF | O86: 1 | P86: UNIT/BUAH/NOS/SETS | Q86: https://drive.google.com/uc?export=view&id=1lym0ZYBYVgPZ3-0FjwdKYjQy7ZQqOAKG | R86: 3.148737, 101.695025 | S86: 101.69503 | T86: 3.148737,
... A94: 45999.69 | B94: yaziddbkl@gmail.com | C94: P7 - ZON 4 | D94: BINAAN LUAR | E94: DR02.8 – ACCESS COVER ON PAVING | F94: BINAAN LUAR | G94: TA0112 | H94: 0 | I94: 4 | J94: 181 | K94: A | L94: 2 | M94: 4 | N94: AKTIF | O94: 3 | P94: UNIT/BUAH/NOS/SETS | Q94: https://drive.google.com/uc?export=view&id=1v32SPGDqb3JmMC5ZfQ6wBPNaS66WG0zO | R94: 3.148737, 101.695025 | S94: 101.69503 | T94: 3.148737,
A95: 8/13/2025 9:36:04 | B95: yaziddbkl@gmail.com | C95: P7 - ZON 4 | D95: BINAAN LUAR | E95: SG03C – PEDESTRIAN DIRECTIONAL TRAIL MARKER | F95: BINAAN LUAR | G95: TA0112 | H95: 0 | I95: 4 | J95: 279 | K95: A | L95: 8 | M95: 7 | N95: AKTIF | O95: 3 | P95: UNIT/BUAH/NOS/SETS | Q95: https://drive.google.com/uc?export=view&id=1StytVbQ8N8dH_sX_Qn44gccyGtpySyB7 | R95: 3.147116, 101.694877 | S95: 101.69488 | T95: 3.147116,
A96: 8/13/2025 9:41:27 | B96: yaziddbkl@gmail.com | C96: P7 - ZON 4 | D96: BINAAN LUAR | E96: SG04B – INTERPRETIVE RAILING MOUNTED | F96: BINAAN LUAR | G96: TA0112 | H96: 0 | I96: 4 | J96: 282 | K96: A | L96: 8 | M96: 7 | N96: AKTIF | O96: 2 | P96: UNIT/BUAH/NOS/SETS | Q96: https://drive.google.com/uc?export=view&id=1E51qsTsf7sYoMs6UUK0YdaVVeHRMJnL4 | R96: 3.148424, 101.695221 | S96: 101.69522 | T96: 3.148424,
A97: 8/13/2025 9:43:02 | B97: yaziddbkl@gmail.com | C97: P7 - ZON 4 | D97: BINAAN LUAR | E97: SINAGE - ZONING IDENTIFICATION SIGN PYLON -ZID 03 | F97: BINAAN LUAR | G97: TA0112 | H97: 0 | I97: 4 | J97: 291 | K97: A | L97: 8 | M97: 7 | N97: AKTIF | O97: 2 | P97: UNIT/BUAH/NOS/SETS | Q97: https://drive.google.com/uc?export=view&id=1ZKDh7Iqt2CXdf-k9HF1lB5QQkZoNZQkJ | R97: 3.147867, 101.695217 | S97: 101.69522 | T97: 3.147867,
A98: 8/13/2025 9:48:56 | B98: yaziddbkl@gmail.com | C98: P7 - ZON 4 | D98: BINAAN LUAR | E98: FF09.4 – TREE GRATE TYPE 04 | F98: BINAAN LUAR | G98: BG0410 | H98: 0 | I98: 4 | J98: 258 | K98: A | L98: 9 | M98: 1 | N98: AKTIF | O98: 8 | P98: UNIT/BUAH/NOS/SETS | Q98: https://drive.google.com/uc?export=view&id=1GvJY8k3I6I3HgHJ0pKcwuoIgNPJnwh4e | R98: 3.147175, 101.694641 | S98: 101.69464 | T98: 3.147175,
A99: 8/13/2025 9:52:01 | B99: yaziddbkl@gmail.com | C99: P7 - ZON 4 | D99: BINAAN LUAR | E99: FF05.3– BOLLARD TYPE 03 FIXED | F99: BINAAN LUAR | G99: TA0112 | H99: 0 | I99: 4 | J99: 253 | K99: A | L99: 9 | M99: 1 | N99: AKTIF | O99: 13 | P99: UNIT/BUAH/NOS/SETS | Q99: https://drive.google.com/uc?export=view&id=1aERUzPfedvJwouD0rSUABWblgouv2bXj | R99: 3.147088, 101.694771 | S99: 101.69477 | T99: 3.147088,
A100: 8/13/2025 10:22:01 | B100: yaziddbkl@gmail.com | C100: P7 - ZON 4 | D100: BINAAN LUAR | E100: LT01.15 - STREET LIGHT TYPE 15 SCHREDER HESTIA LED WITH ATTACHED ELEMENTS (SINGLE LAMP) | F100: BINAAN LUAR | G100: TA0112 | H100: 0 | I100: 4 | J100: 305 | K100: E | L100: 14 | M100: 11 | N100: AKTIF | O100: 5 | P100: UNIT/BUAH/NOS/SETS | Q100: https://drive.google.com/uc?export=view&id=11BZggjUbgK4dVdvyp09cNkqIgpmONSsn | R100: 3.147221, 101.694782 | S100: 101.69478 | T100: 3.147221,
A101: 8/13/2025 10:24:50 | B101: yaziddbkl@gmail.com | C101: P7 - ZON 4 | D101: BINAAN LUAR | E101: LT02.9 & 2.10 - PEDESTRIAN LIGHT TYPE 09 & 10 (IGUZZINI FLAMINIA) | F101: BINAAN LUAR | G101: TA0112 | H101: 0 | I101: 4 | J101: 317 | K101: E | L101: 14 | M101: 7 | N101: AKTIF | O101: 1 | P101: UNIT/BUAH/NOS/SETS | Q101: https://drive.google.com/uc?export=view&id=1q9Zu1V84XUyk4UQIK77Lhgq7xrO2ljZr | R101: 3.147170, 101.694873 | S101: 101.69487 | T101: 3.147170,
A102: 8/13/2025 10:26:21 | B102: yaziddbkl@gmail.com | C102: P7 - ZON 4 | D102: BINAAN LUAR | E102: LT02.2 - PEDESTRIAN LIGHT TYPE 02 IGUZZINI CUSTOM DESIGN (SINGLE SIDE) | F102: BINAAN LUAR | G102: TA0112 | H102: 0 | I102: 4 | J102: 311 | K102: E | L102: 14 | M102: 10 | N102: AKTIF | O102: 2 | P102: UNIT/BUAH/NOS/SETS | Q102: https://drive.google.com/uc?export=view&id=1gyNn8qUP650N6_7Z7K_xAKw9sW7jSxxT | R102: 3.147472, 101.695107 | S102: 101.69511 | T102: 3.147472,
A103: 8/13/2025 14:46:19 | B103: yaziddbkl@gmail.com | C103: P7 - ZON 4 | D103: BINAAN LUAR | E103: LT04.1 - UPLIGHT TYPE 01 IGUZZINI | F103: BINAAN LUAR | G103: TA0112 | H103: 0 | I103: 4 | J103: 322 | K103: E | L103: 14 | M103: 11 | N103: AKTIF | O103: 68 | P103: UNIT/BUAH/NOS/SETS | Q103: https://drive.google.com/uc?export=view&id=18qC638OQrkBi1fPSa5kO-y1jV2-rvLhY | R103: 3.1488320095536433, 101.69503503718566 | S103: 101.69504 | T103: 3.1488320095536433,
A104: 8/13/2025 15:09:23 | B104: uculinda@gmail.com | C104: P7 - ZON 2 | D104: BINAAN LUAR | E104: SG04A – INTERPRETIVE Z FOLD-FREE STANDING | F104: BINAAN LUAR | G104: TA0112 | H104: 0 | I104: 2 | J104: 281 | K104: A | L104: 8 | M104: 7 | N104: AKTIF | O104: 1 | P104: UNIT/BUAH/NOS/SETS | Q104: https://drive.google.com/uc?export=view&id=1v5brKRLc-XSz0w0a1QDoFjIQCC3wcYeB | R104: 3.150317,101.694793 | S104: 101.69479 | T104: 3.150317
A105: 8/13/2025 15:27:06 | B105: uculinda@gmail.com | C105: P7 - ZON 2 | D105: BINAAN LUAR | E105: FF01.26– BENCH TYPE 26 CUSTOM | F105: BINAAN LUAR | G105: BG0410 | H105: 0 | I105: 2 | J105: 234 | K105: A | L105: 9 | M105: 1 | N105: AKTIF | O105: 1 | P105: UNIT/BUAH/NOS/SETS | Q105: https://drive.google.com/uc?export=view&id=17h5UkWt9D0rEKqVXgJZIffM7JCLS37ca | R105: 3.150345, 101.694859 | S105: 101.69486 | T105: 3.150345,
A106: 8/13/2025 15:38:46 | B106: uculinda@gmail.com | C106: P7 - ZON 2 | D106: BINAAN LUAR | E106: BOLLARD (OKU) | F106: BINAAN LUAR | G106: TA0112 | H106: 0 | I106: 2 | J106: 254 | K106: A | L106: 9 | M106: 1 | N106: AKTIF | O106: 4 | P106: UNIT/BUAH/NOS/SETS | Q106: https://drive.google.com/uc?export=view&id=1eJ3k2HegSsszf5TvViCnbkgwGV9Y9VsV | R106: 3.149864,101.695925 | S106: 101.69593 | T106: 3.149864
A107: 8/13/2025 15:46:29 | B107: uculinda@gmail.com | C107: P7 - ZON 2 | D107: BINAAN LUAR | E107: FF03.2 – BIN TYPE 02 | F107: BINAAN LUAR | G107: BG0410 | H107: 0 | I107: 2 | J107: 246 | K107: A | L107: 9 | M107: 1 | N107: AKTIF | O107: 1 | P107: UNIT/BUAH/NOS/SETS | Q107: https://drive.google.com/uc?export=view&id=1hj-6cVZoVmtRFmLqr5n3-6_7SJLVvTDW | R107: 3.149511, 101.695920 | S107: 101.69592 | T107: 3.149511,
A108: 8/13/2025 15:52:14 | B108: uculinda@gmail.com | C108: P7 - ZON 2 | D108: BINAAN LUAR | E108: SINAGE - EXTERNAL SUB-DIRECTORY -ESD 02 | F108: BINAAN LUAR | G108: BG0410 | H108: 0 | I108: 2 | J108: 289 | K108: A | L108: 8 | M108: 7 | N108: AKTIF | O108: 1 | P108: UNIT/BUAH/NOS/SETS | Q108: https://drive.google.com/uc?export=view&id=1xJcvRh6xk7_xfqozOhQFAtOvj3myOQJi | R108: 3.150317,101.694793 | S108: 101.69479 | T108: 3.150317
A109: 8/13/2025 15:53:24 | B109: uculinda@gmail.com | C109: P7 - ZON 2 | D109: BINAAN LUAR | E109: SIGNAGE - INFROMATION STANDARD RIVEL OF LIFE | F109: BINAAN LUAR | G109: BG0410 | H109: 0 | I109: 2 | J109: 290 | K109: A | L109: 8 | M109: 7 | N109: AKTIF | O109: 1 | P109: UNIT/BUAH/NOS/SETS | Q109: https://drive.google.com/uc?export=view&id=1E4VuXdXKW_a0IQgRrV3DILs83Vb1WfQt | R109: 3.150317,101.694793 | S109: 101.69479 | T109: 3.150317
A110: 8/13/2025 16:08:38 | B110: uculinda@gmail.com | C110: P7 - ZON 2 | D110: BINAAN LUAR | E110: SG03A – PEDESTRIAN DIRECTIONAL FLAG SINAGE ON STREET | F110: BINAAN LUAR | G110: TA0112 | H110: 0 | I110: 2 | J110: 277 | K110: A | L110: 8 | M110: 7 | N110: AKTIF | O110: 1 | P110: UNIT/BUAH/NOS/SETS | Q110: https://drive.google.com/uc?export=view&id=1NKOl2qjVVf4VeO1lo2Btyy0qD_-QnZA- | R110: 3.150233, 101.694760 | S110: 101.69476 | T110: 3.150233,
...

Sheet USERS
A1: Timestamp | B1: Nama | C1: Email | D1: Status | E1: Tarikh | F1: Nama Penuh | G1: Jawatan | H1: Phone | I1: URL Tandatangan | J1: Role
C2: mohdhasriq@dbkl.gov.my | D2: ACTIVE | E2: 46043 | F2: Ir. Ts. MOHD HASRIQ BIN HASSAN | G2: TIMBALAN PENGARAH, J12 | J2: PENGESAH
C3: msyazwik@gmail.com | D3: ACTIVE | E3: 46006.77 | F3: MUHAMMAD SYAZWI BIN KHUSAIRI | G3: JURUTERA AWAM | I3: https://drive.google.com/file/d/1hQhExc-BsC5g9q2AHbmAiu0e1GhVGNx1/view?usp=drivesdk | J3: PENGESAH
C4: msyazwik@gmail.com | D4: ACTIVE | E4: 46005.76 | F4: MUHAMMAD SYAZWI BIN KHUSAIRI | G4: JURUTERA AWAM, J9 | I4: https://drive.google.com/file/d/1higsIKBDMSqR5wytlOMo2TtMpXaZx1Zr/view?usp=drivesdk | J4: PEMANTAU
C5: ar.rufaida@gmail.com | D5: ACTIVE | E5: 46008.283 | F5: Anas | G5: Pengarang | I5: https://drive.google.com/file/d/1ye0Ah7uvU6Kfs9lZFhSoC8UsxbTzuRcM/view?usp=drivesdk | J5: PEMANTAU
C6: juelaila86@gmail.com | D6: ACTIVE | E6: 46006.506 | F6: Julaila binti Jamiin | G6: Penolong Jurutera | I6: https://drive.google.com/file/d/1zsVzYUxDXclQLwTUpm1zVpOvNWzoMw4w/view?usp=drivesdk | J6: PEMANTAU
C7: khairulhamadi@gmail.com | D7: ACTIVE | E7: 46008.496 | F7: KHAIRUL HAMADI BIN ABDULLAH SANI | G7: PENOLONG PEGAWAI SENIBINA | I7: https://drive.google.com/file/d/1TwH8ac0vamZjpCm2V8YFMwD9gEeTvIU_/view?usp=drivesdk | J7: PEMANTAU
C8: nhibrahim95@gmail.com | D8: ACTIVE | E8: 46008.496 | F8: NURUL HAFIZAH BINTI IBRAHIM | G8: PENOLONG PEGAWAI SENIBINA JA29 | I8: https://drive.google.com/file/d/1pPjOTKMppIl7Qkfe7Sm4d1YtWY1QRAuw/view?usp=drivesdk | J8: PEMANTAU
C9: uculinda@gmail.com | D9: ACTIVE | E9: 46008.496 | F9: NOR HASLINDA MUHAMAD | G9: PENOLONG PEGAWAI SENIBINA | I9: https://drive.google.com/file/d/1ardCeohvDrHKGsqw4Xrfwd-nJ-ZpINVm/view?usp=drivesdk | J9: PEMANTAU
C10: yaziddbkl@gmail.com | D10: ACTIVE | E10: 46008.496 | F10: MOHD YAZID BIN JAHARI | G10: PENOLONG PEGAWAI SENIBINA | I10: https://drive.google.com/file/d/17N6scyltml3TkIDU8BTXsljgeOy0_LG0/view?usp=drivesdk | J10: PEMANTAU
C11: mohdasedil@gmail.com | D11: ACTIVE | E11: 46008.496 | F11: Mohd Asedil bin mohd shaidi arifin | G11: Penolong pegawai senibina | I11: https://drive.google.com/file/d/1c57cMDieV3Ql_IsWWXqnkldEwVINgEXT/view?usp=drivesdk | J11: PEMANTAU
C12: mjal2110@gmail.com | D12: ACTIVE | E12: 46008.496 | F12: MUHAMAD JASMI BIN ABDUL LATIF | G12: PENOLONG PEGAWAI SENIBINA | I12: https://drive.google.com/file/d/1jE-yIB5jKh2c-t98ISphCj8OjZjmR8dm/view?usp=drivesdk | J12: PEMANTAU
C13: ayapdbkl@gmail.com | D13: ACTIVE | E13: 46008.496 | F13: MUHAMAD ASYRAF IRFAN BIN MUHAMAD KAMIL | G13: PENOLONG PEGAWAI PERANCANG BANDAR DAN DESA | I13: https://drive.google.com/file/d/1giZSBVji5r-PVzKdWtXpGFBwrUsvNbmR/view?usp=drivesdk | J13: PEMANTAU
C14: fatimahshokari@gmail.com | D14: ACTIVE | E14: 46008.497 | F14: FATIMAH BINTI SHOKARI | G14: PENOLONG PEGAWAI SENIBINA JA5 | I14: https://drive.google.com/file/d/1WQ-UxposFtrKzeteUeprXRTgHFwqUh8E/view?usp=drivesdk | J14: PEMANTAU
... C19: elyasdbkl@gmail.com | D19: ACTIVE | E19: 46008.499 | F19: Elyas Mohd Jarami | G19: Arkitek | I19: https://drive.google.com/file/d/1E6VTZ7moulozcuoRPyeRytD7IVH9Y7zq/view?usp=drivesdk | J19: PEMANTAU
C20: azuansalwa5960@gmail.com | D20: ACTIVE | E20: 46008.499 | F20: MOHD AZUAN BIN MOHD SARIFF | G20: Pembantu Am | J20: PEMANTAU
C21: casper.dbkl@gmail.com | D21: ACTIVE | E21: 46008.499 | F21: MUHAMAD AZMI BIN YUSUF | G21: Penolong Jurutera Awam | J21: PEMANTAU
C22: razi08071977@gmail.com | D22: ACTIVE | E22: 46008.499 | F22: AZMIR NIZAM BIN MOHAMAD AROF | G22: Penolong Seni Bina (JA38) | J22: PEMANTAU
C23: amirulianazaihan.work@gmail.com | D23: ACTIVE | E23: 46008.499 | F23: NOR AMIRULIANA BINTI ZAIHAN | G23: Penolong Seni Bina (JA29) | J23: PEMANTAU
C24: syahiran1981@gmail.com | D24: ACTIVE | E24: 46008.499 | F24: MOHD SYAHIRAN FIRDAUS BIN SUFIAN SURI | G24: Penolong Seni Bina (JA29) | J24: PEMANTAU
C25: majidisa7@gmail.com | D25: ACTIVE | E25: 46008.499 | F25: ABD MAJID BIN MD ISA | G25: Penolong Seni Bina (JA29) | J25: PEMANTAU
C26: judierayyan@gmail.com | D26: ACTIVE | E26: 46008.499 | F26: MUHAMMAD ZUHDI BIN MAT SALLEH | G26: Penolong Seni Bina (JA29) | J26: PEMANTAU
C27: nabilaharwan04@gmail.com | D27: ACTIVE | E27: 46027.453 | F27: NURUL AIN NABILAH BINTI MOHD ARWAN | G27: MySTEP - PENOLONG PEGAWAI SENI BINA | H27: +60133260120 | J27: PEMANTAU
C28: nuralia042@gmail.com | D28: ACTIVE | E28: 46027.453 | F28: NUR ALIA BINTI NORRIZAN | G28: MY STEP PEMBANTU TADBIR (KERANI OPERASI) N1 | H28: 0136654215 | J28: PEMANTAU
C29: firahismail95@gmail.com | D29: ACTIVE | E29: 46027.453 | F29: Nurul Zafirah binti Ismail | G29: MySTEP - Pembantu Tadbir (Kerani Operasi) | H29: 01163153756 | J29: PEMANTAU
C30: kameliaatiqah210704@gmail.com | D30: ACTIVE | E30: 46027.453 | F30: NUR ATIQAH KAMELIA BINTI MOHD NURKAMARUL | G30: MYSTEP - PENOLONG JURUTERA AWAM | H30: 0164230535 | J30: PEMANTAU
C31: amnanafiq101@gmail.com | D31: ACTIVE | E31: 46027.454 | F31: AMNAN AFIQ BIN ABD AZIZ | G31: PEMBANTU TADBIR (KERANI/OPERASI) | H31: 01135543550 | J31: PEMANTAU
C32: mr.hafiz5103@gmail.com | D32: ACTIVE | E32: 46027.454 | F32: MUHAMMAD HAFIZUDDIN BIN SHARULNIZAR | G32: PENOLONG JURUTERA (MYSTEP) | H32: 0133515103 | J32: PEMANTAU
C33: haiqalekal00@gmail.com | D33: ACTIVE | E33: 46027.454 | F33: MUHAMMAD HAIQAL EHSAN BIN MOHAMED JANURI | G33: MYSTEP PENOLONG JURUTERA (AWAM) | H33: 0125504704 | J33: PEMANTAU
C34: nurqyla.aqilah@gmail.com | D34: ACTIVE | E34: 46027.454 | F34: NUR AQILAH BINTI ZAMRI | G34: MySTEP PENOLONG PEGAWAI SENIBINA | H34: 01124141243 | J34: PEMANTAU
C35: nurulnaqibah11@gmail.com | D35: ACTIVE | E35: 46027.454 | F35: NURUL NAQIBAH BINTI MOHD NAZARI | G35: MySTEP PENOLONG JURUTERA AWAM | H35: 0193208347 | J35: PEMANTAU
C36: izzat.shah98@gmail.com | D36: ACTIVE | E36: 46027.454 | F36: MUHAMMAD IZZAT BIN BADIAU ZAMAN | G36: PEMBANTU TADBIR (KERANI/OPERASI) | H36: 01111207069 | J36: PEMANTAU
C37: faidhi.hizam@gmail.com | D37: ACTIVE | E37: 46027.454 | F37: Muhammad Faidhi Bin Kamel Muhizam | G37: MySTEP - Pembantu Tadbir (Kerani Operasi) | H37: 01128552381 | J37: PEMANTAU
C38: wandanial94@gmail.com | D38: ACTIVE | E38: 46027.454 | F38: WAN MUHAMMAD DANIAL BIN WAN BULIANA | G38: PENOLONG JURUTERA AWAM (MYSTEP) | H38: 60126547876 | J38: PEMANTAU
C39: luqmanzainal98@gmail.com | D39: ACTIVE | E39: 46027.454 | F39: LUQMAN HAKIM BIN ZAINAL | G39: PENOLONG JURUTERA AWAM (MYSTEP) | H39: 0132246955 | J39: PEMANTAU
C40: amirahnabz17@gmail.com | D40: ACTIVE | E40: 46027.454 | F40: AMIRAH NABILAH BINTI ABDULL RAZAK | G40: MYSTEP PENOLONG JURUTERA AWAM | H40: 01160916774 | J40: PEMANTAU
C41: syafiqah.shabki96@gmail.com | D41: ACTIVE | E41: 46027.455 | F41: SYAFIQAH BINTI SHABKI | G41: MYSTEP KERANI OPERASI | H41: 0132040282 | J41: PEMANTAU
C42: shzlynzhr@gmail.com | D42: ACTIVE | E42: 46030.456 | F42: NOR SHAZLYANA BINTI ZAHARI | G42: MYSTEP- PENOLONG JURUTERA MEKANIKAL | H42: 0137047037 | J42: PEMANTAU
C43: sofeasafirahs@gmail.com | D43: ACTIVE | E43: 46030.479 | F43: SOFEA SAFIRAH BINTI SUKIMAN | G43: MySTEP - Penolong Jurutera (Mekanikal) | H43: 0149921015 | J43: PEMANTAU
C44: farhanadbkl@gmail.com | D44: PENDING | E44: 46030.481 | F44: NURUL FARHANA BINTI DAUD | G44: MySTEP - Penolong Jurutera (Elektrikal) | H44: 0173755321 | J44: PEMANTAU
C45: yus.dbkl3jpppb@gmail.com | D45: ACTIVE | E45: 46041.362 | F45: Yusnani binti Mohd Yusof | G45: PEMBANTU TADBIR | H45: 01137555565 | J45: PEMANTAU
C46: nikhakim96@gmail.com | D46: ACTIVE | E46: 46041.362 | F46: NIK MUHAMAD ALIFHAKIM BIN NIK MAHMUD | G46: MYSTEP PENOLONG JURUTERA (ELEKTRIK) | H46: 0149055542 | J46: PEMANTAU

Sheet MASTER_DA5_BLOK
A1: Nama Blok | B1: Kod Blok | C1: Fungsi Binaan | D1: Kod Fungsi Binaan | E1: Aras Blok | F1: Kod Aras Blok | G1: Nama Ruang Blok | H1: Kod Ruang Blok | I1: Kod DPA/DAK Blok | J1: Kemasan Lantai Blok | K1: Keluasan Lantai Blok | L1: Kemasan Siling Blok | M1: Keluasan Siling Blok | N1: Kemasan Dinding Blok | O1: Keluasan Dinding Blok | P1: URL Gambar (Blok)
A2: Guiding Gallery 1 (Information Centre) - P7 | B2: B | C2: Bangunan Komersial | D2: BB0010 | E2: ARAS LANTAI | F2: 00 | G2: ROL P7 - ZON 1 | H2: 01 | I2: <DPA>.<Column D>.<Column H>.<Column J> | J2: WATER FEATURES | L2: BLOK - BOARDWALK | N2: BLOK - BOARDWALK
A3: Guiding Gallery 2 (Cafe) - P7 | B3: C | C3: Restoran | D3: BB0100 | E3: ARAS SATU | F3: 01 | G3: ROL P7 - ZON 2 | H3: 02 | J3: HIASAN LANDSKAP | L3: BLOK - GLASS PANEL | N3: BLOK - GLASS PANEL
A4: Guiding Gallery 3 (Viewing Deck) - P7 | B4: D | C4: Bangunan Komersial | D4: BB0010 | E4: ARAS DUA | F4: 02 | G4: ROL P7 - ZON 3 | H4: 03 | J4: PLAYGROUND SURFACE EPDM | L4: BLOK - RAMP | N4: BLOK - RAMP
A5: Guiding Light Cafe - 3A3B | B5: E | C5: Restoran | D5: BB0100 | E5: ARAS BAWAH TANAH | F5: 03 | G5: ROL P7 - ZON 4 | H5: 04 | J5: CONCRETE PAVING - MODULE 1(INSITU CONCRETE, BROOM FINISH) | L5: BLOK - PAVER | N5: BLOK - PAVER
A6: Promenade Cafe - 3A3B | B6: F | C6: Restoran | D6: BB0100 | G6: ROL P7 - ZON 5 | H6: 05 | J6: CONCRETE PAVING - MODULE 2 (EXPOSED AGGREGATE) | L6: BLOK - STEEL PANEL | N6: BLOK - STEEL PANEL
A7: Selera Medan Bunus - 1C1D | B7: G | C7: Restoran | D7: BB0100 | G7: ROL P7 - ZON 6 | H7: 06 | J7: CONCRETE PAVING - MODULE 3 (PEBBLE WASH) | L7: BLOK - GRATING | N7: BLOK - GRATING
A8: Cafe Jalan Tun Perak - 1C1D | B8: H | C8: Restoran | D8: BB0100 | G8: ROL PHASE 3A3B - 3A ZON 1 | H8: 07 | J8: CONCRETE PAVING - MODULE 4 (100X100 UNIT PAVER) | L8: BLOK - ALUMINIUM COMPOSITE PANEL | N8: BLOK - ALUMINIUM COMPOSITE PANEL
A9: Kiosk 1 Pocket Park - 1C1D | B9: I | C9: Restoran | D9: BB0100 | G9: ROL PHASE 3A3B - 3A ZON 2 | H9: 08 | J9: CONCRETE PAVING - MODULE 5 (100X200 UNIT PAVER) | L9: BLOK - PLASTER CEILING | N9: BLOK - PARTITION WALL
A10: Kiosk 2 Pocket Park - 1C1D | B10: J | C10: Restoran | D10: BB0100 | G10: ROL PHASE 3A3B - 3A ZON 3 | H10: 09 | J10: CONCRETE PAVING - MODULE 6 (300X900 UNIT PAVER) | L10: BLOK - CHIPPED WOOD | N10: MOSAIC TILES 100X100
A11: Old Train Station Guiding Gallery - 4A4B | B11: K | C11: Bangunan Komersial | D11: BB0010 | G11: ROL PHASE 3A3B - 3A ZON 4 | H11: 10 | J11: CONCRETE PAVING - MODULE 7 (STEPPING STONES) | L11: MOSAIC TILES 100X100 | N11: MOSAIC TILES 200X200
A12: Bike Repair Kiosk - 4A4B | B12: L | C12: Bangunan Komersial | D12: BB0010 | G12: ROL PHASE 3A3B - 3B ZON 1 | H12: 11 | J12: GRANITE PAVING - MODULE 1 (100X100X20) | L12: MOSAIC TILES 200X200 | N12: BLOK - VENT BLOCK FACADE
A13: F&B Kiosk - 4A4B | B13: M | C13: Restoran | D13: BB0100 | G13: ROL PHASE 3A3B - 3B ZON 2 | H13: 12 | J13: GRANITE PAVING - MODULE 2 (100X100X50) | L13: BLOK - VENT BLOCK FACADE | N13: GFRC CLADDING PATTERN
A14: Community Guiding Gallery - 4A4B | B14: N | C14: Bangunan Komersial | D14: BB0010 | G14: ROL PHASE 3A3B - 3B ZON 3 | H14: 13 | J14: GRANITE PAVING - MODULE 3 (100X100X100) | L14: GFRC CLADDING PATTERN | N14: METAL WALL CLADDING
A15: Southern Gateway Guiding Gallery - 4A4B | B15: O | C15: Bangunan Komersial | D15: BB0010 | G15: ROL 1C1D - ZON 1C (i) | H15: 14 | J15: GRANITE PAVING FAN - SHAPE MODULE 4 (100X100X50) | L15: METAL ROOF CLADDING | N15: WIRE MESH PANEL
A16: Utility Room / Pump House - 1C1D | B16: P | C16: Pump House | D16: UC0080 | G16: ROL 1C1D - ZON 1C (ii) | H16: 15 | J16: THICK GRANITE - MODULE 5 (STONE - W BONDING AGENT) | L16: WIRE MESH PANEL | N16: STEEL STRUCTURE - I BEAM
G17: ROL 1C1D - ZON 1D | H17: 16 | J17: THICK GRANITE - MORTAR BONDING AGENT MODULE 6 (300X600X20) | L17: STEEL STRUCTURE - I BEAM | N17: STEEL STRUCTURE - RHS
G18: ROL 4A4B - ZON 1 4A | H18: 17 | J18: THICK GRANITE - MORTAR BONDING AGENT MODULE 7 (600X600X20) | L18: STEEL STRUCTURE - RHS | N18: CHEQUERED PLATE
G19: ROL 4A4B - ZON 2 4B | H19: 18 | J19: BLUESTONE PAVING - MODULE 1 (100X100X50) | L19: CHEQUERED PLATE | N19: STEEL STRUCTURE - C CHANNEL
G20: TITIWANGSA - SISIR BARAT | H20: 19 | J20: BLUESTONE PAVING - MODULE 2 (300X300X20) | L20: STEEL STRUCTURE - C CHANNEL | N20: MOSAIC TILES 20MM X 20MM
G21: TITIWANGSA - SISIR TIMUR | H21: 20 | J21: BLUESTONE PAVING - MODULE 3 (300X600X20) | L21: MOSAIC TILES 20MM X 20MM | N21: GRANITE TILES (UNPOLISHED)
G22: ROL 4A4B - ZON 1 4A - UTILITY ROOM | H22: 17A | J22: BLUESTONE PAVING MODULE 4 (600X600X20) | L22: GRANITE TILES (UNPOLISHED) | N22: POLISHED TILES (600MMX300MM)
G23: ROL 1C1D - ZON 1D - PUMP HOUSE | H23: 16A | J23: BLUESTONE PAVING MODULE 5 (900X900X40) | L23: POLISHED TILES (600MMX300MM) | N23: TOILET TILES - MOONLESS NIGHT (STRUCTURE SURFACE)
J24: BLUESTONE PAVING - MODULE 6 (1200X1500X40),(1200X1250X40),(1200X1000X40) | L24: TOILET TILES - MOONLESS NIGHT (STRUCTURE SURFACE) | N24: TOILET TILES - SAND SHELL (MATT SURFACE)
J25: BLUESTONE PAVING - MODULE 7 (50X600X20) | L25: TOILET TILES - SAND SHELL (MATT SURFACE) | N25: TOILET TILES - MOONLESS NIGHT (POLISH SURFACE)
J26: BLUESTONE PAVING - MODULE 8 (150X600X20) | L26: TOILET TILES - MOONLESS NIGHT (POLISH SURFACE) | N26: TOILET TILES - MOONLESS NIGHT (MATT SURFACE)
J27: MOMA STONE - THICK MOMA MODULE 2 (50X600X20) | L27: TOILET TILES - MOONLESS NIGHT (MATT SURFACE) | N27: BLOK - WIRE MESH PANEL
J28: MOMA STONE - THICK MOMA MODULE 3 (200X600X20) | L28: BLOK - WIRE MESH PANEL | N28: BLOK - LOUVERS PANEL
J29: MOMA STONE - THICK MOMA MODULE 4 (100X100X50) | L29: BLOK - LOUVERS PANEL | N29: BLOK - CEMENT PLASTER
J30: MOMA STONE - THICK MOMA MODULE 5 (300X600X20) | L30: BLOK - CEMENT PLASTER | N30: BARE CONCRETE
J31: MOMA STONE - THICK MOMA MODULE 6 (300X6900X20) | L31: BARE CONCRETE | N31: CEMENT PLASTERING
J32: MOMA STONE - THICK MOMA MODULE 6 (400X600X20) | L32: CEMENT PLASTERING
J33: TRAVERTINE PAVING - MODULE 1 (100X100X50)
J34: TRAVERTINE PAVING - MODULE 2 (200X600X20)
J35: TRAVERTINE PAVING - MODULE 3 (300X600X20)
J36: TRAVERTINE PAVING - MODULE 4 (600X600X20)
J37: BRICK PAVING - THICK HERITAGE BRICK AND BONDING AGENT
J38: LOOSE PEBBLE OR WASHED GRAVEL LAY ON TOP OF TURF PAVE
J39: DECOMPOSED GRANITIC GRAVEL PAVING
J40: FEATURE PAVING - MODULE 1 (HERITAGE CERAMIC TILE)
J41: STONE WITH GLASS INSERTS - MODULE 2
J42: FEATURE PAVING - MODULE 3 (STONE PIXELATION TILE)
J43: RECYCLED COMPOSITE DECK OR WOOD PLASTIC COMPOSITE DECK (WPC)
J44: PLAYGROUND SURFACE EPDM
... J100: CEMENT PLASTERING

Sheet MASTER_DA5_BL
A1: Jenis Binaan Luar | B1: Kod Binaan Luar | C1: Aras BL | D1: Kod Aras BL | E1: Nama Ruang BL | F1: Kod Ruang BL | G1: Nama Binaan Luar | H1: Kod DAK BL | I1: Kemasan Lantai BL | J1: Keluasan Lantai BL | K1: Kemasan Siling BL | L1: Keluasan Siling BL | M1: Kemasan Dinding BL | N1: Keluasan Dinding BL | O1: URL Gambar (Binaan Luar)
A2: Cottage/ Wakaf | B2: BG0092 | C2: ARAS LANTAI | D2: 00 | E2: ROL P7 - ZON 1 | F2: 01 | G2: <Column A>-<Column E> | H2: <DPA>.<Column B>.<Column D>.<Column F> | I2: CONFLUENCE GUIDING BRIDGE | K2: CONFLUENCE GUIDING BRIDGE | M2: CONFLUENCE GUIDING BRIDGE
A3: Landscape | B3: BG0410 | C3: ARAS SATU | D3: 01 | E3: ROL P7 - ZON 2 | F3: 02 | I3: FLUORESCENT LIGHT WITH LIGHT GUARD | K3: FLUORESCENT LIGHT WITH LIGHT GUARD | M3: FLUORESCENT LIGHT WITH LIGHT GUARD
A4: Bus Stop/ Taxi Stop | B4: BJ0021 | C4: ARAS DUA | D4: 02 | E4: ROL P7 - ZON 3 | F4: 03 | I4: GUIDING LIGHT | K4: GUIDING LIGHT | M4: GUIDING LIGHT
A5: Fencing | B5: BJ0400 | C5: ARAS BAWAH TANAH | D5: 03 | E5: ROL P7 - ZON 4 | F5: 04 | I5: HENTIAN BAS | K5: HENTIAN BAS | M5: HENTIAN BAS
A6: Walkway/Pedestrian/Footpath | B6: TA0112 | E6: ROL P7 - ZON 5 | F6: 05 | I6: SHELTER | K6: SHELTER | M6: SHELTER
A7: Overhead Crossing | B7: TA0140 | E7: ROL P7 - ZON 6 | F7: 06 | I7: WATER FEATURES | K7: WATER FEATURES | M7: WATER FEATURES
A8: Pump House | B8: UC0080 | E8: ROL PHASE 3A3B - 3A ZON 1 | F8: 07 | I8: CANVAS CANOPY | K8: CANVAS CANOPY | M8: CANVAS CANOPY
E9: ROL PHASE 3A3B - 3A ZON 2 | F9: 08 | I9: HIASAN LANDSKAP | K9: HIASAN LANDSKAP | M9: HIASAN LANDSKAP
E10: ROL PHASE 3A3B - 3A ZON 3 | F10: 09 | I10: PLAYGROUND SURFACE EPDM | K10: PLAYGROUND SURFACE EPDM | M10: PLAYGROUND SURFACE EPDM
E11: ROL PHASE 3A3B - 3A ZON 4 | F11: 10 | I11: CONCRETE PAVING - MODULE 1(INSITU CONCRETE, BROOM FINISH) | K11: CONCRETE PAVING - MODULE 1(INSITU CONCRETE, BROOM FINISH) | M11: CONCRETE PAVING - MODULE 1(INSITU CONCRETE, BROOM FINISH)
E12: ROL PHASE 3A3B - 3B ZON 1 | F12: 11 | I12: CONCRETE PAVING - MODULE 2 (EXPOSED AGGREGATE) | K12: CONCRETE PAVING - MODULE 2 (EXPOSED AGGREGATE) | M12: CONCRETE PAVING - MODULE 2 (EXPOSED AGGREGATE)
E13: ROL PHASE 3A3B - 3B ZON 2 | F13: 12 | I13: CONCRETE PAVING - MODULE 3 (PEBBLE WASH) | K13: CONCRETE PAVING - MODULE 3 (PEBBLE WASH) | M13: CONCRETE PAVING - MODULE 3 (PEBBLE WASH)
E14: ROL PHASE 3A3B - 3B ZON 3 | F14: 13 | I14: CONCRETE PAVING - MODULE 4 (100X100 UNIT PAVER) | K14: CONCRETE PAVING - MODULE 4 (100X100 UNIT PAVER) | M14: CONCRETE PAVING - MODULE 4 (100X100 UNIT PAVER)
E15: ROL 1C1D - ZON 1C (i) | F15: 14 | I15: CONCRETE PAVING - MODULE 5 (100X200 UNIT PAVER) | K15: CONCRETE PAVING - MODULE 5 (100X200 UNIT PAVER) | M15: CONCRETE PAVING - MODULE 5 (100X200 UNIT PAVER)
E16: ROL 1C1D - ZON 1C (ii) | F16: 15 | I16: CONCRETE PAVING - MODULE 6 (300X900 UNIT PAVER) | K16: CONCRETE PAVING - MODULE 6 (300X900 UNIT PAVER) | M16: CONCRETE PAVING - MODULE 6 (300X900 UNIT PAVER)
E17: ROL 1C1D - ZON 1D | F17: 16 | I17: CONCRETE PAVING - MODULE 7 (STEPPING STONES) | K17: CONCRETE PAVING - MODULE 7 (STEPPING STONES) | M17: CONCRETE PAVING - MODULE 7 (STEPPING STONES)
E18: ROL 4A4B - ZON 1 4A | F18: 17 | I18: GRANITE PAVING - MODULE 1 (100X100X20) | K18: GRANITE PAVING - MODULE 1 (100X100X20) | M18: GRANITE PAVING - MODULE 1 (100X100X20)
E19: ROL 4A4B - ZON 2 4B | F19: 18 | I19: GRANITE PAVING - MODULE 2 (100X100X50) | K19: GRANITE PAVING - MODULE 2 (100X100X50) | M19: GRANITE PAVING - MODULE 2 (100X100X50)
E20: TITIWANGSA - SISIR BARAT | F20: 19 | I20: GRANITE PAVING - MODULE 3 (100X100X100) | K20: GRANITE PAVING - MODULE 3 (100X100X100) | M20: GRANITE PAVING - MODULE 3 (100X100X100)
E21: TITIWANGSA - SISIR TIMUR | F21: 20 | I21: GRANITE PAVING FAN - SHAPE MODULE 4 (100X100X50) | K21: GRANITE PAVING FAN - SHAPE MODULE 4 (100X100X50) | M21: GRANITE PAVING FAN - SHAPE MODULE 4 (100X100X50)
I22: THICK GRANITE - MODULE 5 (STONE - W BONDING AGENT) | K22: THICK GRANITE - MODULE 5 (STONE - W BONDING AGENT) | M22: THICK GRANITE - MODULE 5 (STONE - W BONDING AGENT)
I23: THICK GRANITE - MORTAR BONDING AGENT MODULE 6 (300X600X20) | K23: THICK GRANITE - MORTAR BONDING AGENT MODULE 6 (300X600X20) | M23: THICK GRANITE - MORTAR BONDING AGENT MODULE 6 (300X600X20)
I24: THICK GRANITE - MORTAR BONDING AGENT MODULE 7 (600X600X20) | K24: THICK GRANITE - MORTAR BONDING AGENT MODULE 7 (600X600X20) | M24: THICK GRANITE - MORTAR BONDING AGENT MODULE 7 (600X600X20)
I25: BLUESTONE PAVING - MODULE 1 (100X100X50) | K25: BLUESTONE PAVING - MODULE 1 (100X100X50) | M25: BLUESTONE PAVING - MODULE 1 (100X100X50)
I26: BLUESTONE PAVING - MODULE 2 (300X300X20) | K26: BLUESTONE PAVING - MODULE 2 (300X300X20) | M26: BLUESTONE PAVING - MODULE 2 (300X300X20)
I27: BLUESTONE PAVING - MODULE 3 (300X600X20) | K27: BLUESTONE PAVING - MODULE 3 (300X600X20) | M27: BLUESTONE PAVING - MODULE 3 (300X600X20)
I28: BLUESTONE PAVING MODULE 4 (600X600X20) | K28: BLUESTONE PAVING MODULE 4 (600X600X20) | M28: BLUESTONE PAVING MODULE 4 (600X600X20)
I29: BLUESTONE PAVING MODULE 5 (900X900X40) | K29: BLUESTONE PAVING MODULE 5 (900X900X40) | M29: BLUESTONE PAVING MODULE 5 (900X900X40)
I30: BLUESTONE PAVING - MODULE 6 (1200X1500X40),(1200X1250X40),(1200X1000X40) | K30: BLUESTONE PAVING - MODULE 6 (1200X1500X40),(1200X1250X40),(1200X1000X40) | M30: BLUESTONE PAVING - MODULE 6 (1200X1500X40),(1200X1250X40),(1200X1000X40)
I31: BLUESTONE PAVING - MODULE 7 (50X600X20) | K31: BLUESTONE PAVING - MODULE 7 (50X600X20) | M31: BLUESTONE PAVING - MODULE 7 (50X600X20)
I32: BLUESTONE PAVING - MODULE 8 (150X600X20) | K32: BLUESTONE PAVING - MODULE 8 (150X600X20) | M32: BLUESTONE PAVING - MODULE 8 (150X600X20)
I33: MOMA STONE - THICK MOMA MODULE 2 (50X600X20) | K33: MOMA STONE - THICK MOMA MODULE 2 (50X600X20) | M33: MOMA STONE - THICK MOMA MODULE 2 (50X600X20)
... I279: COBBLESTONE PAVING | K279: COBBLESTONE PAVING | M279: COBBLESTONE PAVING

Sheet DATA_PEMANTAU_DA5_BLOK
A1: Tarikh | B1: Nama Blok | C1: Kod Blok | D1: Nama Fungsi Binaan | E1: Kod Fungsi Binaan | F1: Aras Blok | G1: Kod Aras Blok | H1: Nama Ruang Blok | I1: Kod Ruang Blok | J1: Kemasan Lantai Blok | K1: Keluasan Lantai Blok | L1: Kemasan Siling Blok | M1: Keluasan Siling Blok | N1: Kemasan Dinding Blok | O1: Keluasan Dinding Blok | P1: Kod DAK Blok | Q1: URL Gambar (Blok) | R1: Catatan | S1: Koord X | T1: Koord Y | U1: Nama Pengisi | V1: Jawatan Pengisi | W1: Nama Pengesah | X1: Jawatan Pengesah
A2: 46041.407 | B2: Selera Medan Bunus - 1C1D | C2: G | D2: Restoran | E2: BB0100 | F2: ARAS LANTAI | G2: 0 | H2: ROL 1C1D - ZON 1D | I2: 16 | J2: MOSAIC TILES - 200X200 | K2: 5.77 | N2: MOSAIC TILES 100X100 | O2: 18.64 | P2: 1101164MYS.140005.BG0002.G.00.16 | Q2: https://drive.google.com/file/d/15OqCnaGOSF6zhPg_as0fnaTqdqCPQsL_/view?usp=drivesdk | R2: x30 Kiosk | S2: 101.697846°E | T2: 3.152671°N | U2: NURUL AIN NABILAH BINTI MOHD ARWAN | V2: MySTEP - PENOLONG PEGAWAI SENI BINA | W2: MUHAMMAD SYAZWI BIN KHUSAIRI | X2: JURUTERA AWAM
A3: 46048.633 | B3: Cafe Jalan Tun Perak - 1C1D | C3: H | D3: Restoran | E3: BB0100 | F3: ARAS LANTAI | G3: 0 | H3: ROL 1C1D - ZON 1C (ii) | I3: 15 | J3: GRANITE PAVING - MODULE 1 (100X100X20) | K3: 170.52 | P3: 1101164MYS.140005.BG0002.H.00.15 | U3: Nurul Zafirah binti Ismail | V3: MySTEP - Pembantu Tadbir (Kerani Operasi) | W3: MUHAMMAD SYAZWI BIN KHUSAIRI | X3: JURUTERA AWAM
A4: 46049.403 | B4: Cafe Jalan Tun Perak - 1C1D | C4: H | D4: Restoran | E4: BB0100 | F4: ARAS LANTAI | G4: 0 | H4: ROL 1C1D - ZON 1C (ii) | I4: 15 | J4: POLISHED TILES (600MMX300MM) | K4: 18.56 | P4: 1101164MYS.140005.BG0002.H.00.15 | R4: Untuk Counter Top Paving: Black Polish tiles (600mmx300mm) Jumlah untuk semua Counter Top di kedua dua cafe : 18.56 (top+side+front) | U4: Nurul Zafirah binti Ismail | V4: MySTEP - Pembantu Tadbir (Kerani Operasi) | W4: MUHAMMAD SYAZWI BIN KHUSAIRI | X4: JURUTERA AWAM
A5: 46049.446 | B5: Cafe Jalan Tun Perak - 1C1D | C5: H | D5: Restoran | E5: BB0100 | F5: ARAS LANTAI | G5: 0 | H5: ROL 1C1D - ZON 1C (ii) | I5: 15 | N5: POLISHED TILES (600MMX300MM) | O5: 70.37 | P5: 1101164MYS.140005.BG0002.H.00.15 | U5: Nurul Zafirah binti Ismail | V5: MySTEP - Pembantu Tadbir (Kerani Operasi) | W5: MUHAMMAD SYAZWI BIN KHUSAIRI | X5: JURUTERA AWAM
A6: 46049.544 | B6: Cafe Jalan Tun Perak - 1C1D | C6: H | D6: Restoran | E6: BB0100 | F6: ARAS LANTAI | G6: 0 | H6: ROL 1C1D - ZON 1C (ii) | I6: 15 | J6: CONCRETE PAVING - MODULE 3 (PEBBLE WASH) | K6: 8.8 | P6: 1101164MYS.140005.BG0002.H.00.15 | Q6: https://drive.google.com/file/d/1khhpgX1vKTvO_vMDpUdlFRhKtPdBK3tG/view?usp=drivesdk | R6: Tandas Lelaki/Perempuan/OKU dan Handwash | S6: 101.69819 | T6: 3.147454 | U6: NIK MUHAMAD ALIFHAKIM BIN NIK MAHMUD | V6: MYSTEP PENOLONG JURUTERA (ELEKTRIK) | W6: MUHAMMAD SYAZWI BIN KHUSAIRI | X6: JURUTERA AWAM
A7: 46049.631 | B7: Cafe Jalan Tun Perak - 1C1D | C7: H | D7: Restoran | E7: BB0100 | F7: ARAS LANTAI | G7: 0 | H7: ROL 1C1D - ZON 1C (ii) | I7: 15 | L7: BLOK - PLASTER CEILING | M7: 8.8 | P7: 1101164MYS.140005.BG0002.H.00.15 | Q7: https://drive.google.com/file/d/1r-p615f8TIxVLpcl7cHSWv3B9yYmMTZI/view?usp=drivesdk | R7: Tandas Campur dan Handwash | S7: 101.69817 | T7: 3.147491 | U7: NIK MUHAMAD ALIFHAKIM BIN NIK MAHMUD | V7: MYSTEP PENOLONG JURUTERA (ELEKTRIK) | W7: MUHAMMAD SYAZWI BIN KHUSAIRI | X7: JURUTERA AWAM
A8: 46049.638 | B8: Cafe Jalan Tun Perak - 1C1D | C8: H | D8: Restoran | E8: BB0100 | F8: ARAS LANTAI | G8: 0 | H8: ROL 1C1D - ZON 1C (ii) | I8: 15 | N8: MOSAIC TILES 20MM X 20MM | O8: 32 | P8: 1101164MYS.140005.BG0002.H.00.15 | Q8: https://drive.google.com/file/d/12kT9siAUPM79v5yiLXZ1Em7GfcSYBoo1/view?usp=drivesdk | R8: Tandas Campur dan Handwash | S8: 101.6982 | T8: 3.147472 | U8: NIK MUHAMAD ALIFHAKIM BIN NIK MAHMUD | V8: MYSTEP PENOLONG JURUTERA (ELEKTRIK) | W8: MUHAMMAD SYAZWI BIN KHUSAIRI | X8: JURUTERA AWAM
A9: 46050.345 | B9: Kiosk 1 Pocket Park - 1C1D | C9: I | D9: Restoran | E9: BB0100 | F9: ARAS LANTAI | G9: 0 | H9: ROL 1C1D - ZON 1C (ii) | I9: 15 | J9: CHEQUERED PLATE | K9: 7.5 | P9: 1101164MYS.140005.BG0002.I.00.15 | Q9: https://drive.google.com/file/d/1xx1ErevAAemz1BdBF3lq1IPcRMA90gq4/view?usp=drivesdk | R9: Kiosk depan hotel Ancasa jalan Tun Tan Cheng Lock | S9: 101.69859 | T9: 3.146048 | U9: NIK MUHAMAD ALIFHAKIM BIN NIK MAHMUD | V9: MYSTEP PENOLONG JURUTERA (ELEKTRIK) | W9: MUHAMMAD SYAZWI BIN KHUSAIRI | X9: JURUTERA AWAM
A10: 46050.359 | B10: Kiosk 1 Pocket Park - 1C1D | C10: I | D10: Restoran | E10: BB0100 | F10: ARAS LANTAI | G10: 0 | H10: ROL 1C1D - ZON 1C (ii) | I10: 15 | L10: BLOK - ALUMINIUM COMPOSITE PANEL | M10: 15 | N10: BLOK - ALUMINIUM COMPOSITE PANEL | O10: 13.2 | P10: 1101164MYS.140005.BG0002.I.00.15 | Q10: https://drive.google.com/file/d/1Cw1XEHLLCSwIwQn3I_e3uYxLsHtwJjfu/view?usp=drivesdk | R10: Kiosk depan Hotel Ancasa Jalan Tun Tan Cheng Lock | S10: 101.69906 | T10: 3.145284 | U10: NIK MUHAMAD ALIFHAKIM BIN NIK MAHMUD | V10: MYSTEP PENOLONG JURUTERA (ELEKTRIK) | W10: MUHAMMAD SYAZWI BIN KHUSAIRI | X10: JURUTERA AWAM
A11: 46050.381 | B11: Kiosk 1 Pocket Park - 1C1D | C11: I | D11: Restoran | E11: BB0100 | F11: ARAS LANTAI | G11: 0 | H11: ROL 1C1D - ZON 1C (ii) | I11: 15 | N11: METAL WALL CLADDING | O11: 20.3 | P11: 1101164MYS.140005.BG0002.I.00.15 | Q11: https://drive.google.com/file/d/1nsyIzol10pMrlabq80l7T1SpODr0d5FA/view?usp=drivesdk | R11: Kiosk depan Hotel Ancasa Jalan Tun Tan Cheng Lock | S11: 101.69859 | T11: 3.14597 | U11: NIK MUHAMAD ALIFHAKIM BIN NIK MAHMUD | V11: MYSTEP PENOLONG JURUTERA (ELEKTRIK) | W11: MUHAMMAD SYAZWI BIN KHUSAIRI | X11: JURUTERA AWAM
A12: 46050.388 | B12: Kiosk 1 Pocket Park - 1C1D | C12: I | D12: Restoran | E12: BB0100 | F12: ARAS LANTAI | G12: 0 | H12: ROL 1C1D - ZON 1C (ii) | I12: 15 | N12: BLOK - WIRE MESH PANEL | O12: 3.92 | P12: 1101164MYS.140005.BG0002.I.00.15 | Q12: https://drive.google.com/file/d/1apycmBOUuUBHWm2d7H6hIkkNaiILsZrq/view?usp=drivesdk | R12: Kiosk 1 depan Hotel Ancasa Jalan Tun Tan Cheng lock | S12: 101.69899 | T12: 3.145278 | U12: NIK MUHAMAD ALIFHAKIM BIN NIK MAHMUD | V12: MYSTEP PENOLONG JURUTERA (ELEKTRIK) | W12: MUHAMMAD SYAZWI BIN KHUSAIRI | X12: JURUTERA AWAM
A13: 46050.525 | B13: Kiosk 1 Pocket Park - 1C1D | C13: I | D13: Restoran | E13: BB0100 | F13: ARAS LANTAI | G13: 0 | H13: ROL 1C1D - ZON 1C (ii) | I13: 15 | N13: STEEL STRUCTURE - I BEAM | O13: 2.94 | P13: 1101164MYS.140005.BG0002.I.00.15 | Q13: https://drive.google.com/file/d/1NS6ArzOoSud_JpiCccE6QGSV2wotWz5e/view?usp=drivesdk | R13: Kiosk depan Hotel Ancasa | S13: 101.69883 | T13: 3.14567 | U13: NIK MUHAMAD ALIFHAKIM BIN NIK MAHMUD | V13: MYSTEP PENOLONG JURUTERA (ELEKTRIK) | W13: MUHAMMAD SYAZWI BIN KHUSAIRI | X13: JURUTERA AWAM
A14: 46051.449 | B14: Kiosk 2 Pocket Park - 1C1D | C14: J | D14: Restoran | E14: BB0100 | F14: ARAS LANTAI | G14: 0 | H14: ROL 1C1D - ZON 1C (ii) | I14: 15 | L14: BLOK - ALUMINIUM COMPOSITE PANEL | M14: 15 | N14: BLOK - ALUMINIUM COMPOSITE PANEL | O14: 13.2 | P14: 1101164MYS.140005.BG0002.J.00.15 | Q14: https://drive.google.com/file/d/195JJ2munPo3JCMaMF1IgHxiBiZnOZLgk/view?usp=drivesdk | R14: KAWASAN/GAMBAR MERUJUK PADA KIOSK 2 | S14: 101.6989 | T14: 3.145335 | U14: LUQMAN HAKIM BIN ZAINAL | V14: PENOLONG JURUTERA AWAM (MYSTEP) | W14: MUHAMMAD SYAZWI BIN KHUSAIRI | X14: JURUTERA AWAM
A15: 46051.479 | B15: Kiosk 2 Pocket Park - 1C1D | C15: J | D15: Restoran | E15: BB0100 | F15: ARAS LANTAI | G15: 0 | H15: ROL 1C1D - ZON 1C (ii) | I15: 15 | J15: CHEQUERED PLATE | K15: 7.5 | P15: 1101164MYS.140005.BG0002.J.00.15 | Q15: https://drive.google.com/file/d/19BXwk64OKrPSHPKBLT9Qmmtxz6Ugv4P2/view?usp=drivesdk | S15: 101.69892 | T15: 3.14601 | U15: LUQMAN HAKIM BIN ZAINAL | V15: PENOLONG JURUTERA AWAM (MYSTEP) | W15: MUHAMMAD SYAZWI BIN KHUSAIRI | X15: JURUTERA AWAM
A16: 46051.482 | B16: Kiosk 2 Pocket Park - 1C1D | C16: J | D16: Restoran | E16: BB0100 | F16: ARAS LANTAI | G16: 0 | H16: ROL 1C1D - ZON 1C (ii) | I16: 15 | N16: METAL WALL CLADDING | O16: 20.3 | P16: 1101164MYS.140005.BG0002.J.00.15 | Q16: https://drive.google.com/file/d/10xOELphs4dJGvYTwiVMZrgUFmXneLGiJ/view?usp=drivesdk | S16: 101.69929 | T16: 3.144988 | U16: LUQMAN HAKIM BIN ZAINAL | V16: PENOLONG JURUTERA AWAM (MYSTEP) | W16: MUHAMMAD SYAZWI BIN KHUSAIRI | X16: JURUTERA AWAM
A17: 46051.529 | B17: Kiosk 2 Pocket Park - 1C1D | C17: J | D17: Restoran | E17: BB0100 | F17: ARAS LANTAI | G17: 0 | H17: ROL 1C1D - ZON 1C (ii) | I17: 15 | N17: STEEL STRUCTURE - I BEAM | O17: 2.94 | P17: 1101164MYS.140005.BG0002.J.00.15 | Q17: https://drive.google.com/file/d/11bI6Tlv6myqSNyWkPMScVLW5VA2K3DCC/view?usp=drivesdk | S17: 101.69929 | T17: 3.144988 | U17: LUQMAN HAKIM BIN ZAINAL | V17: PENOLONG JURUTERA AWAM (MYSTEP) | W17: MUHAMMAD SYAZWI BIN KHUSAIRI | X17: JURUTERA AWAM
A18: 46051.533 | B18: Selera Medan Bunus - 1C1D | C18: G | D18: Restoran | E18: BB0100 | F18: ARAS LANTAI | G18: 0 | H18: ROL 1C1D - ZON 1D | I18: 16 | J18: POLISHED TILES (600MMX300MM) | K18: 0.33 | N18: MOSAIC TILES 100X100 | O18: 4.26 | P18: 1101164MYS.140005.BG0002.G.00.16 | Q18: https://drive.google.com/file/d/1cgGvwNWXtJ7HOAY71VtOkeYU_nk_nk7O/view?usp=drivesdk | R18: x3 singki | S18: 101.69767 | T18: 3.152501 | U18: NURUL AIN NABILAH BINTI MOHD ARWAN | V18: MySTEP - PENOLONG PEGAWAI SENI BINA | W18: MUHAMMAD SYAZWI BIN KHUSAIRI | X18: JURUTERA AWAM
A19: 46051.545 | B19: Selera Medan Bunus - 1C1D | C19: G | D19: Restoran | E19: BB0100 | F19: ARAS LANTAI | G19: 0 | H19: ROL 1C1D - ZON 1D | I19: 16 | J19: POLISHED TILES (600MMX300MM) | K19: 0.33 | N19: MOSAIC TILES 200X200 | O19: 0.71 | P19: 1101164MYS.140005.BG0002.G.00.16 | Q19: https://drive.google.com/file/d/1Pj5dZ6IkedQFcyE8CCxmzsDIgcet9aaJ/view?usp=drivesdk | R19: x 3 sinki | S19: 101.69767 | T19: 3.152501 | U19: NURUL AIN NABILAH BINTI MOHD ARWAN | V19: MySTEP - PENOLONG PEGAWAI SENI BINA | W19: MUHAMMAD SYAZWI BIN KHUSAIRI | X19: JURUTERA AWAM
A20: 46051.583 | B20: Selera Medan Bunus - 1C1D | C20: G | D20: Restoran | E20: BB0100 | F20: ARAS LANTAI | G20: 0 | H20: ROL 1C1D - ZON 1D | I20: 16 | L20: BLOK - GLASS PANEL | M20: 37.02 | N20: BLOK - GLASS PANEL | O20: 31.41 | P20: 1101164MYS.140005.BG0002.G.00.16 | Q20: https://drive.google.com/file/d/1HgHP-jSjEQ_O32jMdWD5PitT3Azof_oi/view?usp=drivesdk | S20: 101.69767 | T20: 3.152501 | U20: NURUL AIN NABILAH BINTI MOHD ARWAN | V20: MySTEP - PENOLONG PEGAWAI SENI BINA | W20: MUHAMMAD SYAZWI BIN KHUSAIRI | X20: JURUTERA AWAM
A21: 46051.608 | B21: Kiosk 2 Pocket Park - 1C1D | C21: J | D21: Restoran | E21: BB0100 | F21: ARAS LANTAI | G21: 0 | H21: ROL 1C1D - ZON 1C (ii) | I21: 15 | N21: WIRE MESH PANEL | O21: 3.92 | P21: 1101164MYS.140005.BG0002.J.00.15 | Q21: https://drive.google.com/file/d/1UUdi2QeCvLacdb9iqGQPJECXZPFqWfGy/view?usp=drivesdk | S21: 101.69898 | T21: 3.14594 | U21: LUQMAN HAKIM BIN ZAINAL | V21: PENOLONG JURUTERA AWAM (MYSTEP) | W21: MUHAMMAD SYAZWI BIN KHUSAIRI | X21: JURUTERA AWAM
A22: 46051.622 | B22: Selera Medan Bunus - 1C1D | C22: G | D22: Restoran | E22: BB0100 | F22: ARAS LANTAI | G22: 0 | H22: ROL 1C1D - ZON 1D | I22: 16 | J22: MOSAIC TILES - 200X200 | K22: 265.9 | L22: BLOK - ALUMINIUM COMPOSITE PANEL | M22: 819.39 | N22: BLOK - WIRE MESH PANEL | O22: 324.01 | P22: 1101164MYS.140005.BG0002.G.00.16 | U22: NURUL AIN NABILAH BINTI MOHD ARWAN | V22: MySTEP - PENOLONG PEGAWAI SENI BINA | W22: MUHAMMAD SYAZWI BIN KHUSAIRI | X22: JURUTERA AWAM
A23: 46051.641 | B23: Selera Medan Bunus - 1C1D | C23: G | D23: Restoran | E23: BB0100 | F23: ARAS LANTAI | G23: 0 | H23: ROL 1C1D - ZON 1D | I23: 16 | J23: POLISHED TILES (600MMX300MM) | K23: 3.02 | L23: BLOK - WIRE MESH PANEL | M23: 6.65 | N23: BLOK - WIRE MESH PANEL | O23: 1.36 | P23: 1101164MYS.140005.BG0002.G.00.16 | Q23: https://drive.google.com/file/d/16xd7vkM1f3mlrSB-O8E0X1Uv5yfeNlOM/view?usp=drivesdk | S23: 101.69767 | T23: 3.152501 | U23: NURUL AIN NABILAH BINTI MOHD ARWAN | V23: MySTEP - PENOLONG PEGAWAI SENI BINA | W23: MUHAMMAD SYAZWI BIN KHUSAIRI | X23: JURUTERA AWAM
A24: 46052.551 | B24: Selera Medan Bunus - 1C1D | C24: G | D24: Restoran | E24: BB0100 | F24: ARAS LANTAI | G24: 0 | H24: ROL 1C1D - ZON 1D | I24: 16 | J24: TOILET TILES - MOONLESS NIGHT (MATT SURFACE) | K24: 67.42 | L24: BLOK - PLASTER CEILING | M24: 67.42 | N24: TOILET TILES - SAND SHELL (MATT SURFACE) | O24: 166.53 | P24: 1101164MYS.140005.BG0002.G.00.16 | Q24: https://drive.google.com/file/d/1tzHbd7OsoENZSLLoizlpguasOOivFcWa/view?usp=drivesdk | R24: @ toilet & janitor rooms | S24: 101.69767 | T24: 3.152501 | U24: NURUL AIN NABILAH BINTI MOHD ARWAN | V24: MySTEP - PENOLONG PEGAWAI SENI BINA | W24: MUHAMMAD SYAZWI BIN KHUSAIRI | X24: JURUTERA AWAM
A25: 46052.562 | B25: Selera Medan Bunus - 1C1D | C25: G | D25: Restoran | E25: BB0100 | F25: ARAS LANTAI | G25: 0 | H25: ROL 1C1D - ZON 1D | I25: 16 | J25: TOILET TILES - MOONLESS NIGHT (MATT SURFACE) | K25: 8.84 | L25: BLOK - CEMENT PLASTER | M25: 8.84 | N25: BLOK - CEMENT PLASTER | O25: 28.71 | P25: 1101164MYS.140005.BG0002.G.00.16 | Q25: https://drive.google.com/file/d/1pLsyzzRZJ_yr9cjwRpZi69IP49LJJ0Vh/view?usp=drivesdk | R25: @ electrical room | S25: 101.69767 | T25: 3.152501 | U25: NURUL AIN NABILAH BINTI MOHD ARWAN | V25: MySTEP - PENOLONG PEGAWAI SENI BINA | W25: MUHAMMAD SYAZWI BIN KHUSAIRI | X25: JURUTERA AWAM
A26: 46052.565 | B26: Selera Medan Bunus - 1C1D | C26: G | D26: Restoran | E26: BB0100 | F26: ARAS LANTAI | G26: 0 | H26: ROL 1C1D - ZON 1D | I26: 16 | J26: TOILET TILES - MOONLESS NIGHT (MATT SURFACE) | K26: 9.77 | L26: BLOK - CEMENT PLASTER | M26: 9.77 | N26: TOILET TILES - SAND SHELL (MATT SURFACE) | O26: 31.9 | P26: 1101164MYS.140005.BG0002.G.00.16 | Q26: https://drive.google.com/file/d/1RangSWBwyYLtjeiy3A8wguR-QmspxT5B/view?usp=drivesdk | R26: @ central washing room | S26: 101.69767 | T26: 3.152501 | U26: NURUL AIN NABILAH BINTI MOHD ARWAN | V26: MySTEP - PENOLONG PEGAWAI SENI BINA | W26: MUHAMMAD SYAZWI BIN KHUSAIRI | X26: JURUTERA AWAM
A27: 46052.632 | B27: Selera Medan Bunus - 1C1D | C27: G | D27: Restoran | E27: BB0100 | F27: ARAS LANTAI | G27: 0 | H27: ROL 1C1D - ZON 1D | I27: 16 | N27: TOILET TILES - MOONLESS NIGHT (MATT SURFACE) | O27: 13.52 | P27: 1101164MYS.140005.BG0002.G.00.16 | Q27: https://drive.google.com/file/d/1NCSuBDLwC6veNv6ZkqET81aCIMdFSBzy/view?usp=drivesdk | S27: 101.69767 | T27: 3.152501 | U27: NURUL AIN NABILAH BINTI MOHD ARWAN | V27: MySTEP - PENOLONG PEGAWAI SENI BINA | W27: MUHAMMAD SYAZWI BIN KHUSAIRI | X27: JURUTERA AWAM
A28: 46056.37 | B28: Selera Medan Bunus - 1C1D | C28: G | D28: Restoran | E28: BB0100 | F28: ARAS LANTAI | G28: 0 | H28: ROL 1C1D - ZON 1D | I28: 16 | L28: BLOK - ALUMINIUM COMPOSITE PANEL | M28: 50.89 | P28: 1101164MYS.140005.BG0002.G.00.16 | Q28: https://drive.google.com/file/d/1Ua9_gOO8zTCjCTHWvQLZkvnpspwPviW1/view?usp=drivesdk | R28: overhang binaan baru | S28: 101.69767 | T28: 3.152501 | U28: NURUL AIN NABILAH BINTI MOHD ARWAN | V28: MySTEP - PENOLONG PEGAWAI SENI BINA | W28: MUHAMMAD SYAZWI BIN KHUSAIRI | X28: JURUTERA AWAM
A29: 46056.401 | B29: Selera Medan Bunus - 1C1D | C29: G | D29: Restoran | E29: BB0100 | F29: ARAS LANTAI | G29: 0 | H29: ROL 1C1D - ZON 1D | I29: 16 | J29: TOILET TILES - MOONLESS NIGHT (MATT SURFACE) | K29: 7.56 | L29: BLOK - CEMENT PLASTER | M29: 7.56 | N29: TOILET TILES - SAND SHELL (MATT SURFACE) | O29: 13.87 | P29: 1101164MYS.140005.BG0002.G.00.16 | Q29: https://drive.google.com/file/d/1KhKbwFmjKWkzmesabbHBcBjZ4aya2vfz/view?usp=drivesdk | R29: @ refuse chamber | S29: 101.69767 | T29: 3.152501 | U29: NURUL AIN NABILAH BINTI MOHD ARWAN | V29: MySTEP - PENOLONG PEGAWAI SENI BINA | W29: MUHAMMAD SYAZWI BIN KHUSAIRI | X29: JURUTERA AWAM
A30: 46058.422 | B30: Utility Room / Pump House - 1C1D | C30: P | D30: Pump House | E30: UC0080 | F30: ARAS BAWAH TANAH | G30: 3 | H30: ROL 1C1D - ZON 1C (i) | I30: 14 | J30: BARE CONCRETE | K30: 160 | L30: BARE CONCRETE | M30: 160 | N30: CEMENT PLASTERING | O30: 240 | P30: 1101164MYS.140005.BG0002.P.03.14 | Q30: https://drive.google.com/file/d/1qd_hIcKQ3oz22ThSEb1R3wRV0RabM_xQ/view?usp=drivesdk | S30: 101.69329 | T30: 3.15004 | U30: NOR SHAZLYANA BINTI ZAHARI | V30: MYSTEP- PENOLONG JURUTERA MEKANIKAL | W30: MUHAMMAD SYAZWI BIN KHUSAIRI | X30: JURUTERA AWAM
A31: 46059.468 | B31: Old Train Station Guiding Gallery - 4A4B | C31: K | D31: Bangunan Komersial | E31: BB0010 | F31: ARAS LANTAI | G31: 0 | H31: ROL 4A4B - ZON 1 4A | I31: 17 | J31: BLUESTONE PAVING - MODULE 3 (300X600X20) | K31: 80.56 | L31: BLOK - STEEL PANEL | M31: 80.56 | N31: GFRC CLADDING PATTERN | O31: 60.42 | P31: 1101164MYS.140005.BG0002.K.00.17 | U31: WAN MUHAMMAD DANIAL BIN WAN BULIANA | V31: PENOLONG JURUTERA AWAM (MYSTEP) | W31: MUHAMMAD SYAZWI BIN KHUSAIRI | X31: JURUTERA AWAM
A32: 46059.484 | B32: Utility Room / Pump House - 1C1D | C32: P | D32: Pump House | E32: UC0080 | F32: ARAS LANTAI | G32: 0 | H32: ROL 4A4B - ZON 1 4A | I32: 17 | J32: BLUESTONE PAVING - MODULE 3 (300X600X20) | K32: 8.58 | L32: BLOK - ALUMINIUM COMPOSITE PANEL | M32: 8.58 | N32: BLOK - ALUMINIUM COMPOSITE PANEL | O32: 22.035 | P32: 1101164MYS.140005.BG0002.P.00.17 | U32: WAN MUHAMMAD DANIAL BIN WAN BULIANA | V32: PENOLONG JURUTERA AWAM (MYSTEP) | W32: MUHAMMAD SYAZWI BIN KHUSAIRI | X32: JURUTERA AWAM
A33: 46062.377 | B33: Southern Gateway Guiding Gallery - 4A4B | C33: O | D33: Bangunan Komersial | E33: BB0010 | F33: ARAS LANTAI | G33: 0 | H33: ROL 4A4B - ZON 1 4A - UTILITY ROOM | I33: 17A | J33: BARE CONCRETE | K33: 16.8 | L33: BARE CONCRETE | M33: 16.8 | N33: BLOK - CEMENT PLASTER | O33: 18 | P33: 1101164MYS.140005.BG0002.O.00.17 | U33: WAN MUHAMMAD DANIAL BIN WAN BULIANA | V33: PENOLONG JURUTERA AWAM (MYSTEP) | W33: MUHAMMAD SYAZWI BIN KHUSAIRI | X33: JURUTERA AWAM
A34: 46062.384 | B34: Bike Repair Kiosk - 4A4B | C34: L | D34: Bangunan Komersial | E34: BB0010 | F34: ARAS LANTAI | G34: 0 | H34: ROL 4A4B - ZON 1 4A | I34: 17 | J34: BARE CONCRETE | K34: 11.4 | L34: BARE CONCRETE | M34: 11.4 | N34: BLOK - CEMENT PLASTER | O34: 18 | P34: 1101164MYS.140005.BG0002.L.00.17 | U34: WAN MUHAMMAD DANIAL BIN WAN BULIANA | V34: PENOLONG JURUTERA AWAM (MYSTEP) | W34: MUHAMMAD SYAZWI BIN KHUSAIRI | X34: JURUTERA AWAM
A35: 46062.428 | B35: Southern Gateway Guiding Gallery - 4A4B | C35: O | D35: Bangunan Komersial | E35: BB0010 | F35: ARAS LANTAI | G35: 0 | H35: ROL 4A4B - ZON 1 4A | I35: 17 | J35: BLUESTONE PAVING - MODULE 3 (300X600X20) | K35: 116.4 | L35: BLOK - CHIPPED WOOD | M35: 116.4 | N35: GFRC CLADDING PATTERN | O35: 309.9 | P35: 1101164MYS.140005.BG0002.O.00.17 | Q35: https://drive.google.com/file/d/1Jq3t7dityoXzZuJ1WMpo5QMjAQTuHJLC/view?usp=drivesdk | S35: 101.67899 | T35: 3.122169 | U35: WAN MUHAMMAD DANIAL BIN WAN BULIANA | V35: PENOLONG JURUTERA AWAM (MYSTEP) | W35: MUHAMMAD SYAZWI BIN KHUSAIRI | X35: JURUTERA AWAM
